Cli_Mailing;InnoDB;code;9;15;;utf8_unicode_ci;*;?
Corsage;InnoDB;acode;9;8;;utf8_unicode_ci;*;?
Corsage;InnoDB;ncode;9;8;;utf8_unicode_ci;;?
Docs_Autres;InnoDB;code;9;10;;utf8_unicode_ci;*;?
Docs_Autres;InnoDB;doc;9;100;;utf8_unicode_ci;*;?
Docs_Autres;InnoDB;doc2;9;100;;utf8_unicode_ci;;?
Docs_Autres;InnoDB;org;9;4;;utf8_unicode_ci;;?
Docs_Clients;InnoDB;code;9;15;;utf8_unicode_ci;*;?
Docs_Clients;InnoDB;doc;9;100;;utf8_unicode_ci;*;?
Docs_Clients;InnoDB;doc2;9;100;;utf8_unicode_ci;;?
Docs_Clients;InnoDB;org;9;4;;utf8_unicode_ci;;?
Docs_Compta;InnoDB;code;9;10;;utf8_unicode_ci;*;?
Docs_Compta;InnoDB;doc;9;100;;utf8_unicode_ci;*;?
Docs_Compta;InnoDB;doc2;9;300;;utf8_unicode_ci;;?
Docs_Compta;InnoDB;org;9;4;;utf8_unicode_ci;;?
Docs_Fournisseurs;InnoDB;code;9;10;;utf8_unicode_ci;*;?
Docs_Fournisseurs;InnoDB;doc;9;100;;utf8_unicode_ci;*;?
Docs_Fournisseurs;InnoDB;doc2;9;100;;utf8_unicode_ci;;?
Docs_Fournisseurs;InnoDB;org;9;4;;utf8_unicode_ci;;?
Docs_Produits;InnoDB;code;9;10;;utf8_unicode_ci;*;?
Docs_Produits;InnoDB;doc;9;100;;utf8_unicode_ci;*;?
Docs_Produits;InnoDB;doc2;9;100;;utf8_unicode_ci;;?
Docs_Produits;InnoDB;org;9;4;;utf8_unicode_ci;;?
Fiches_Acomptes;InnoDB;lind;-1;0;;;*;?
Fiches_Acomptes;InnoDB;intitule;9;35;;utf8_unicode_ci;;?
Fiches_Acomptes;InnoDB;type;9;15;;utf8_unicode_ci;;?
Fiches_Acomptes;InnoDB;montant;9;12;;utf8_unicode_ci;;?
Fiches_Acomptes;InnoDB;date;8;0;;;;?
Fiches_AdrlivBL;InnoDB;numbl;9;6;;utf8_unicode_ci;*;?
Fiches_AdrlivBL;InnoDB;nom;9;90;;utf8_unicode_ci;;?
Fiches_AdrlivBL;InnoDB;adr1;9;35;;utf8_unicode_ci;;?
Fiches_AdrlivBL;InnoDB;adr2;9;35;;utf8_unicode_ci;;?
Fiches_AdrlivBL;InnoDB;cp;9;5;;utf8_unicode_ci;;?
Fiches_AdrlivBL;InnoDB;ville;9;35;;utf8_unicode_ci;;?
Fiches_AdrlivC;InnoDB;num;-1;0;;;*;?
Fiches_AdrlivC;InnoDB;code;4;0;;;;?
Fiches_AdrlivC;InnoDB;rs_soc;9;9;;utf8_unicode_ci;;?
Fiches_AdrlivC;InnoDB;nom;9;35;;utf8_unicode_ci;;?
Fiches_AdrlivC;InnoDB;pnm;9;35;;utf8_unicode_ci;;?
Fiches_AdrlivC;InnoDB;adr1;9;35;;utf8_unicode_ci;;?
Fiches_AdrlivC;InnoDB;adr2;9;35;;utf8_unicode_ci;;?
Fiches_AdrlivC;InnoDB;cd_ptl;9;5;;utf8_unicode_ci;;?
Fiches_AdrlivC;InnoDB;ville;9;35;;utf8_unicode_ci;;?
Fiches_AdrlivC;InnoDB;tourne;9;15;;utf8_unicode_ci;;?
Fiches_Agenda;InnoDB;lind;-1;0;;;*;?
Fiches_Agenda;InnoDB;daction;9;20;;utf8_unicode_ci;;?
Fiches_Agenda;InnoDB;haction;9;20;;utf8_unicode_ci;;?
Fiches_Agenda;InnoDB;iaction;9;0;;utf8_unicode_ci;;?
Fiches_Agenda;InnoDB;nuser;9;35;;utf8_unicode_ci;;?
Fiches_Analytiques;InnoDB;lind;-1;0;;;*;?
Fiches_Analytiques;InnoDB;code;9;3;;utf8_unicode_ci;;?
Fiches_Analytiques;InnoDB;compte;9;8;;utf8_unicode_ci;;?
Fiches_Analytiques;InnoDB;pourcent;4;0;;;;?
Fiches_Art;InnoDB;art_code;9;15;;utf8_unicode_ci;*;?
Fiches_Art;InnoDB;art_design;9;50;;utf8_unicode_ci;;?
Fiches_Art;InnoDB;art_fam;9;20;;utf8_unicode_ci;;?
Fiches_Art;InnoDB;art_four;9;8;;utf8_unicode_ci;;?
Fiches_Art;InnoDB;art_cequ;9;15;;utf8_unicode_ci;;?
Fiches_Art;InnoDB;art_cbarre;9;15;;utf8_unicode_ci;;?
Fiches_Art;InnoDB;art_cfour;9;25;;utf8_unicode_ci;;?
Fiches_Art;InnoDB;art_pbht;7;0;;;;?
Fiches_Art;InnoDB;art_tr;7;0;;;;?
Fiches_Art;InnoDB;art_paht;7;0;;;;?
Fiches_Art;InnoDB;art_coef;7;0;;;;?
Fiches_Art;InnoDB;art_pvht;7;0;;;;?
Fiches_Art;InnoDB;art_tva;9;2;;utf8_unicode_ci;;?
Fiches_Art;InnoDB;art_pvttc;7;0;;;;?
Fiches_Art;InnoDB;art_cdarr;9;4;;utf8_unicode_ci;;?
Fiches_Art;InnoDB;art_pvar;7;0;;;;?
Fiches_Art;InnoDB;art_dec;9;1;;utf8_unicode_ci;;?
Fiches_Art;InnoDB;art_stocke;1;0;;;;?
Fiches_Art;InnoDB;art_qte;7;0;;;;?
Fiches_Art;InnoDB;art_dpa;7;0;;;;?
Fiches_Art;InnoDB;art_dfour;9;8;;utf8_unicode_ci;;?
Fiches_Art;InnoDB;art_pmp;7;0;;;;?
Fiches_Art;InnoDB;art_com;7;0;;;;?
Fiches_Art;InnoDB;art_stkdep;7;0;;;;?
Fiches_Art;InnoDB;art_nbd;9;1;;utf8_unicode_ci;;?
Fiches_Art;InnoDB;art_design2;9;50;;utf8_unicode_ci;;?
Fiches_Art;InnoDB;art_ect;4;0;;;;?
Fiches_Art;InnoDB;art_eco;7;0;;;;?
Fiches_Art;InnoDB;art_pauaht;7;0;;;;?
Fiches_Art;InnoDB;art_txconv;7;0;;;;?
Fiches_Art;InnoDB;art_stkmin;7;0;;;;?
Fiches_Art;InnoDB;art_stkmax;7;0;;;;?
Fiches_Art;InnoDB;art_suspendu;1;0;;;;?
Fiches_Art;InnoDB;art_cpp;1;0;;;;?
Fiches_Art;InnoDB;art_copp;7;0;;;;?
Fiches_Art;InnoDB;qte1;7;0;;;;?
Fiches_Art;InnoDB;qte2;7;0;;;;?
Fiches_Art;InnoDB;rem1;7;0;;;;?
Fiches_Art;InnoDB;qte3;7;0;;;;?
Fiches_Art;InnoDB;qte4;7;0;;;;?
Fiches_Art;InnoDB;rem2;7;0;;;;?
Fiches_Art;InnoDB;qte5;7;0;;;;?
Fiches_Art;InnoDB;qte6;7;0;;;;?
Fiches_Art;InnoDB;rem3;7;0;;;;?
Fiches_Art;InnoDB;qte7;7;0;;;;?
Fiches_Art;InnoDB;qte8;7;0;;;;?
Fiches_Art;InnoDB;rem4;7;0;;;;?
Fiches_Art;InnoDB;qte9;7;0;;;;?
Fiches_Art;InnoDB;qte10;7;0;;;;?
Fiches_Art;InnoDB;rem5;7;0;;;;?
Fiches_Art;InnoDB;qte11;7;0;;;;?
Fiches_Art;InnoDB;qte12;7;0;;;;?
Fiches_Art;InnoDB;rem6;7;0;;;;?
Fiches_Art;InnoDB;art_frais;7;0;;;;?
Fiches_Art;InnoDB;art_prvt;7;0;;;;?
Fiches_Art;InnoDB;art_etiq;1;0;;;;?
Fiches_Art;InnoDB;art_poids;7;0;;;;?
Fiches_Art;InnoDB;art_mincom;9;12;;utf8_unicode_ci;;?
Fiches_Art;InnoDB;art_vol;9;5;;utf8_unicode_ci;;?
Fiches_Art;InnoDB;art_poids2;7;0;;;;?
Fiches_Art;InnoDB;art_photo;9;100;;utf8_unicode_ci;;?
Fiches_Art;InnoDB;art_crst;9;0;;utf8_unicode_ci;;?
Fiches_Art;InnoDB;art_mat;1;0;;;;?
Fiches_Art;InnoDB;art_marque;9;20;;utf8_unicode_ci;;?
Fiches_Art;InnoDB;art_impcar;1;0;;;;?
Fiches_Art;InnoDB;art_casier;9;5;;utf8_unicode_ci;;?
Fiches_Art;InnoDB;art_pvcons;7;0;;;;?
Fiches_Art;InnoDB;art_prdcomp;1;0;;;;?
Fiches_Art;InnoDB;art_impdetail;1;0;;;;?
Fiches_Art;InnoDB;art_remcas1;7;0;;;;?
Fiches_Art;InnoDB;art_remcas2;7;0;;;;?
Fiches_Art;InnoDB;art_remcas3;7;0;;;;?
Fiches_Art;InnoDB;art_datefbt;8;0;;;;?
Fiches_Art;InnoDB;art_pbfbt;7;0;;;;?
Fiches_Art;InnoDB;art_ddatefbt;8;0;;;;?
Fiches_Art;InnoDB;art_centrale;9;2;;utf8_unicode_ci;;?
Fiches_Art;InnoDB;art_refcentrale;9;13;;utf8_unicode_ci;;?
Fiches_Art;InnoDB;art_bonus;7;0;;;;?
Fiches_Art;InnoDB;art_colvte;7;0;;;;?
Fiches_Art;InnoDB;art_pvht2;7;0;;;;?
Fiches_Art;InnoDB;art_cn8;9;12;;utf8_unicode_ci;;?
Fiches_Art;InnoDB;art_crpl1;9;15;;utf8_unicode_ci;;?
Fiches_Art;InnoDB;art_crpl2;9;15;;utf8_unicode_ci;;?
Fiches_Art;InnoDB;art_ect2;1;0;;;;?
Fiches_Art;InnoDB;art_eco2;7;0;;;;?
Fiches_Art;InnoDB;art_depg;4;0;;;;?
Fiches_Art;InnoDB;art_cnsg;4;0;;;;?
Fiches_Art;InnoDB;art_ua;9;5;;utf8_unicode_ci;;?
Fiches_Art;InnoDB;art_uv;9;5;;utf8_unicode_ci;;?
Fiches_Art;InnoDB;art_refliee;9;15;;utf8_unicode_ci;;?
Fiches_Art;InnoDB;art_ddate;8;0;;;;?
Fiches_Art;InnoDB;art_cdate;8;0;;;;?
Fiches_ArtPromo;InnoDB;code_promo;9;6;;utf8_unicode_ci;*;?
Fiches_ArtPromo;InnoDB;code;9;15;;utf8_unicode_ci;*;?
Fiches_ArtPromo;InnoDB;libelle;9;50;;utf8_unicode_ci;;?
Fiches_ArtPromo;InnoDB;pmp;7;0;;;;?
Fiches_ArtPromo;InnoDB;pht;7;0;;;;?
Fiches_ArtPromo;InnoDB;pttc;7;0;;;;?
Fiches_ArtPromo;InnoDB;qte;7;0;;;;?
Fiches_Avoirs;InnoDB;lind;-1;0;;;*;?
Fiches_Avoirs;InnoDB;intitule;9;30;;utf8_unicode_ci;;?
Fiches_Avoirs;InnoDB;montant;7;0;;;;?
Fiches_Avoirs;InnoDB;montantdu;7;0;;;;?
Fiches_Avoirs;InnoDB;ntk;9;7;;utf8_unicode_ci;;?
Fiches_Avoirs;InnoDB;dte;8;0;;;;?
Fiches_Banques;InnoDB;banques_code;4;0;;;*;?
Fiches_Banques;InnoDB;banques_nom;9;35;;utf8_unicode_ci;;?
Fiches_Banques;InnoDB;banques_dmln;9;35;;utf8_unicode_ci;;?
Fiches_Banques;InnoDB;banques_nume;9;6;;utf8_unicode_ci;;?
Fiches_Banques;InnoDB;banques_codeb;9;5;;utf8_unicode_ci;;?
Fiches_Banques;InnoDB;banques_codeg;9;5;;utf8_unicode_ci;;?
Fiches_Banques;InnoDB;banques_numcpt;9;11;;utf8_unicode_ci;;?
Fiches_Banques;InnoDB;banques_numsiren;9;15;;utf8_unicode_ci;;?
Fiches_Banques;InnoDB;banques_adr;9;1;;utf8_unicode_ci;;?
Fiches_Banques;InnoDB;banques_txt;9;0;;utf8_unicode_ci;;?
Fiches_Banques;InnoDB;banques_fenrg;9;6;;utf8_unicode_ci;;?
Fiches_Banques;InnoDB;banques_mail;9;35;;utf8_unicode_ci;;?
Fiches_Banques;InnoDB;banques_ref;9;11;;utf8_unicode_ci;;?
Fiches_Banques;InnoDB;banques_entete;9;150;;utf8_unicode_ci;;?
Fiches_Banques;InnoDB;banques_corps;9;0;;utf8_unicode_ci;;?
Fiches_Banques;InnoDB;banques_reftireur;9;10;;utf8_unicode_ci;;?
Fiches_Bl;InnoDB;numbl;9;6;;utf8_unicode_ci;*;?
Fiches_Bl;InnoDB;type;9;1;;utf8_unicode_ci;;?
Fiches_Bl;InnoDB;cdclibl;9;8;;utf8_unicode_ci;;?
Fiches_Bl;InnoDB;cvclibl;9;9;;utf8_unicode_ci;;?
Fiches_Bl;InnoDB;nmclibl;9;35;;utf8_unicode_ci;;?
Fiches_Bl;InnoDB;pnmclibl;9;35;;utf8_unicode_ci;;?
Fiches_Bl;InnoDB;adr1bl;9;35;;utf8_unicode_ci;;?
Fiches_Bl;InnoDB;adr2bl;9;35;;utf8_unicode_ci;;?
Fiches_Bl;InnoDB;cpbl;9;5;;utf8_unicode_ci;;?
Fiches_Bl;InnoDB;villebl;9;35;;utf8_unicode_ci;;?
Fiches_Bl;InnoDB;tvar;4;0;;;;?
Fiches_Bl;InnoDB;datebl;8;0;;;;?
Fiches_Bl;InnoDB;rmobl;9;6;;utf8_unicode_ci;;?
Fiches_Bl;InnoDB;rartbl;9;6;;utf8_unicode_ci;;?
Fiches_Bl;InnoDB;exobl;4;0;;;;?
Fiches_Bl;InnoDB;remmobl;7;0;;;;?
Fiches_Bl;InnoDB;remartbl;7;0;;;;?
Fiches_Bl;InnoDB;marge_art;7;0;;;;?
Fiches_Bl;InnoDB;marge_mo;7;0;;;;?
Fiches_Bl;InnoDB;totalht;7;0;;;;?
Fiches_Bl;InnoDB;imp;4;0;;;;?
Fiches_Bl;InnoDB;acpt;9;12;;utf8_unicode_ci;;?
Fiches_Bl;InnoDB;mreg;9;10;;utf8_unicode_ci;;?
Fiches_Bl;InnoDB;reg;9;15;;utf8_unicode_ci;;?
Fiches_Bl;InnoDB;ech;8;0;;;;?
Fiches_Bl;InnoDB;numfac;9;10;;utf8_unicode_ci;;?
Fiches_Bl;InnoDB;dtefac;8;0;;;;?
Fiches_Bl;InnoDB;retro;1;0;;;;?
Fiches_Bl;InnoDB;numserie;9;15;;utf8_unicode_ci;;?
Fiches_Bl;InnoDB;codep;9;15;;utf8_unicode_ci;;?
Fiches_Bl;InnoDB;mtreg;9;12;;utf8_unicode_ci;;?
Fiches_Bl;InnoDB;totalttc;7;0;;;;?
Fiches_Bl;InnoDB;desg1;9;50;;utf8_unicode_ci;;?
Fiches_Bl;InnoDB;desg2;9;50;;utf8_unicode_ci;;?
Fiches_Bl;InnoDB;marque;9;15;;utf8_unicode_ci;;?
Fiches_Bl;InnoDB;typemat;9;15;;utf8_unicode_ci;;?
Fiches_Bl;InnoDB;htbl;4;0;;;;?
Fiches_Bl;InnoDB;cdep;9;37;;utf8_unicode_ci;;?
Fiches_Bl;InnoDB;livraison;1;0;;;;?
Fiches_Bl;InnoDB;tel;9;16;;utf8_unicode_ci;;?
Fiches_Bl;InnoDB;numtick;9;7;;utf8_unicode_ci;;?
Fiches_Bl;InnoDB;reg2;9;15;;utf8_unicode_ci;;?
Fiches_Bl;InnoDB;mtreg2;9;12;;utf8_unicode_ci;;?
Fiches_Bl;InnoDB;acquitte;1;0;;;;?
Fiches_Bl;InnoDB;email;9;150;;utf8_unicode_ci;;?
Fiches_Bl;InnoDB;gestbl;7;0;;;;?
Fiches_BlM;InnoDB;numbl;9;6;;utf8_unicode_ci;*;?
Fiches_BlM;InnoDB;type;9;1;;utf8_unicode_ci;;?
Fiches_BlM;InnoDB;cdclibl;9;8;;utf8_unicode_ci;;?
Fiches_BlM;InnoDB;cvclibl;9;9;;utf8_unicode_ci;;?
Fiches_BlM;InnoDB;nmclibl;9;35;;utf8_unicode_ci;;?
Fiches_BlM;InnoDB;pnmclibl;9;35;;utf8_unicode_ci;;?
Fiches_BlM;InnoDB;adr1bl;9;35;;utf8_unicode_ci;;?
Fiches_BlM;InnoDB;adr2bl;9;35;;utf8_unicode_ci;;?
Fiches_BlM;InnoDB;cpbl;9;5;;utf8_unicode_ci;;?
Fiches_BlM;InnoDB;villebl;9;35;;utf8_unicode_ci;;?
Fiches_BlM;InnoDB;tvar;4;0;;;;?
Fiches_BlM;InnoDB;datebl;8;0;;;;?
Fiches_BlM;InnoDB;rmobl;9;6;;utf8_unicode_ci;;?
Fiches_BlM;InnoDB;rartbl;9;5;;utf8_unicode_ci;;?
Fiches_BlM;InnoDB;exobl;4;0;;;;?
Fiches_BlM;InnoDB;remmobl;7;0;;;;?
Fiches_BlM;InnoDB;remartbl;7;0;;;;?
Fiches_BlM;InnoDB;marge_art;7;0;;;;?
Fiches_BlM;InnoDB;marge_mo;7;0;;;;?
Fiches_BlM;InnoDB;totalht;7;0;;;;?
Fiches_BlM;InnoDB;imp;4;0;;;;?
Fiches_BlM;InnoDB;acpt;9;12;;utf8_unicode_ci;;?
Fiches_BlM;InnoDB;mreg;9;10;;utf8_unicode_ci;;?
Fiches_BlM;InnoDB;reg;9;15;;utf8_unicode_ci;;?
Fiches_BlM;InnoDB;ech;8;0;;;;?
Fiches_BlM;InnoDB;numfac;9;10;;utf8_unicode_ci;;?
Fiches_BlM;InnoDB;dtefac;8;0;;;;?
Fiches_BlM;InnoDB;retro;4;0;;;;?
Fiches_BlM;InnoDB;numserie;9;15;;utf8_unicode_ci;;?
Fiches_BlM;InnoDB;codep;9;15;;utf8_unicode_ci;;?
Fiches_BlM;InnoDB;mtreg;9;12;;utf8_unicode_ci;;?
Fiches_BlM;InnoDB;totalttc;7;0;;;;?
Fiches_BlM;InnoDB;desg1;9;50;;utf8_unicode_ci;;?
Fiches_BlM;InnoDB;desg2;9;50;;utf8_unicode_ci;;?
Fiches_BlM;InnoDB;marque;9;15;;utf8_unicode_ci;;?
Fiches_BlM;InnoDB;typemat;9;15;;utf8_unicode_ci;;?
Fiches_BlM;InnoDB;htbl;4;0;;;;?
Fiches_BlM;InnoDB;cdep;9;37;;utf8_unicode_ci;;?
Fiches_BlM;InnoDB;livraison;1;0;;;;?
Fiches_BlM;InnoDB;tel;9;16;;utf8_unicode_ci;;?
Fiches_BlM;InnoDB;reg2;9;15;;utf8_unicode_ci;;?
Fiches_BlM;InnoDB;mtreg2;9;12;;utf8_unicode_ci;;?
Fiches_BlM;InnoDB;acquitte;1;0;;;;?
Fiches_BlM;InnoDB;numtick;9;7;;utf8_unicode_ci;;?
Fiches_BlM;InnoDB;email;9;150;;utf8_unicode_ci;;?
Fiches_BlM;InnoDB;gestbl;7;0;;;;?
Fiches_Bordereaux;InnoDB;lind;-1;0;;;*;?
Fiches_Bordereaux;InnoDB;banque;4;0;;;;?
Fiches_Bordereaux;InnoDB;codeentree;4;0;;;;?
Fiches_Bordereaux;InnoDB;dateremise;8;0;;;;?
Fiches_Bordereaux;InnoDB;refremise;9;11;;utf8_unicode_ci;;?
Fiches_Bordereaux;InnoDB;datevaleur;8;0;;;;?
Fiches_Bordereaux;InnoDB;ech1;8;0;;;;?
Fiches_Bordereaux;InnoDB;ech2;8;0;;;;?
Fiches_Bordereaux;InnoDB;bordereau;4;0;;;;?
Fiches_Bordereaux;InnoDB;tot;7;0;;;;?
Fiches_Bordereaux;InnoDB;etat;1;0;;;;?
Fiches_BordereauxC;InnoDB;lind;-1;0;;;*;?
Fiches_BordereauxC;InnoDB;banque;4;0;;;;?
Fiches_BordereauxC;InnoDB;dateremise;8;0;;;;?
Fiches_BordereauxC;InnoDB;bordereau;4;0;;;;?
Fiches_BordereauxC;InnoDB;montant;7;0;;;;?
Fiches_BordereauxC;InnoDB;etat;1;0;;;;?
Fiches_BordereauxC;InnoDB;code;9;8;;utf8_unicode_ci;;?
Fiches_BordereauxC;InnoDB;nom;9;35;;utf8_unicode_ci;;?
Fiches_BordereauxC;InnoDB;nfacture;9;10;;utf8_unicode_ci;;?
Fiches_Caisses;InnoDB;lind;-1;0;;;*;?
Fiches_Caisses;InnoDB;code;9;2;;utf8_unicode_ci;;?
Fiches_Caisses;InnoDB;intitule;9;30;;utf8_unicode_ci;;?
Fiches_Caisses;InnoDB;dteov;8;0;;;;?
Fiches_Caisses;InnoDB;dtefm;8;0;;;;?
Fiches_Caisses;InnoDB;fndc;7;0;;;;?
Fiches_Caisses;InnoDB;tkz;4;0;;;;?
Fiches_Caisses;InnoDB;connecte;4;0;;;;?
Fiches_Caisses;InnoDB;imp;9;15;;utf8_unicode_ci;;?
Fiches_Caisses;InnoDB;typeimp;9;10;;utf8_unicode_ci;;?
Fiches_Caisses;InnoDB;type;9;20;;utf8_unicode_ci;;?
Fiches_Caisses;InnoDB;ecole;4;0;;;;?
Fiches_Caisses;InnoDB;poste;9;30;;utf8_unicode_ci;;?
Fiches_Caisses;InnoDB;depot;9;8;;utf8_unicode_ci;;?
Fiches_Caisses;InnoDB;fndtotp;7;0;;;;?
Fiches_Caisses;InnoDB;fndtotg;7;0;;;;?
Fiches_Caisses;InnoDB;cutk;9;7;;utf8_unicode_ci;;?
Fiches_Caisses;InnoDB;vdr_code;9;2;;utf8_unicode_ci;;?
Fiches_Carte;InnoDB;code;9;13;;utf8_unicode_ci;*;?
Fiches_Carte;InnoDB;rs_soc;9;9;;utf8_unicode_ci;;?
Fiches_Carte;InnoDB;nom;9;35;;utf8_unicode_ci;;?
Fiches_Carte;InnoDB;pnm;9;35;;utf8_unicode_ci;;?
Fiches_Carte;InnoDB;adr1;9;35;;utf8_unicode_ci;;?
Fiches_Carte;InnoDB;adr2;9;35;;utf8_unicode_ci;;?
Fiches_Carte;InnoDB;cd_ptl;9;5;;utf8_unicode_ci;;?
Fiches_Carte;InnoDB;ville;9;35;;utf8_unicode_ci;;?
Fiches_Carte;InnoDB;email;9;40;;utf8_unicode_ci;;?
Fiches_Carte;InnoDB;tel_bur;9;16;;utf8_unicode_ci;;?
Fiches_Carte;InnoDB;tel_dom;9;16;;utf8_unicode_ci;;?
Fiches_Carte;InnoDB;tel_poste;9;16;;utf8_unicode_ci;;?
Fiches_Carte;InnoDB;pble;9;16;;utf8_unicode_ci;;?
Fiches_Carte;InnoDB;fx1;9;16;;utf8_unicode_ci;;?
Fiches_Carte;InnoDB;fx2;9;16;;utf8_unicode_ci;;?
Fiches_Carte;InnoDB;datec;8;0;;;;?
Fiches_Carte;InnoDB;datef;8;0;;;;?
Fiches_Carte;InnoDB;rem;4;0;;;;?
Fiches_Carte;InnoDB;promo;4;0;;;;?
Fiches_Carte;InnoDB;tp1;7;0;;;;?
Fiches_Carte;InnoDB;tp2;7;0;;;;?
Fiches_Carte;InnoDB;tg1;7;0;;;;?
Fiches_Carte;InnoDB;tg2;7;0;;;;?
Fiches_Carte;InnoDB;obs;9;0;;utf8_unicode_ci;;?
Fiches_Carte;InnoDB;cb;9;13;;utf8_unicode_ci;;?
Fiches_Carte;InnoDB;divers;4;0;;;;?
Fiches_CdBarre;InnoDB;codep;9;15;;utf8_unicode_ci;*;?
Fiches_CdBarre;InnoDB;codeb;9;13;;utf8_unicode_ci;*;?
Fiches_CdFour;InnoDB;codep;9;15;;utf8_unicode_ci;*;?
Fiches_CdFour;InnoDB;codef;9;13;;utf8_unicode_ci;*;?
Fiches_Centrales;InnoDB;code;9;2;;utf8_unicode_ci;*;?
Fiches_Centrales;InnoDB;libelle;9;25;;utf8_unicode_ci;;?
Fiches_Cequ;InnoDB;codep;9;15;;utf8_unicode_ci;*;?
Fiches_Cequ;InnoDB;codequ;9;15;;utf8_unicode_ci;*;?
Fiches_Cli;InnoDB;cli_code;4;0;0;;*;?
Fiches_Cli;InnoDB;cli_col;9;1;;utf8_unicode_ci;;?
Fiches_Cli;InnoDB;cli_rs_soc;9;12;;utf8_unicode_ci;;?
Fiches_Cli;InnoDB;cli_nom;9;35;;utf8_unicode_ci;;?
Fiches_Cli;InnoDB;cli_pnm;9;35;;utf8_unicode_ci;;?
Fiches_Cli;InnoDB;cli_adr1;9;35;;utf8_unicode_ci;;?
Fiches_Cli;InnoDB;cli_adr2;9;35;;utf8_unicode_ci;;?
Fiches_Cli;InnoDB;cli_cd_ptl;9;5;;utf8_unicode_ci;;?
Fiches_Cli;InnoDB;cli_ville;9;35;;utf8_unicode_ci;;?
Fiches_Cli;InnoDB;cli_email;9;150;;utf8_unicode_ci;;?
Fiches_Cli;InnoDB;cli_tel_bur;9;16;;utf8_unicode_ci;;?
Fiches_Cli;InnoDB;cli_tel_dom;9;16;;utf8_unicode_ci;;?
Fiches_Cli;InnoDB;cli_tel_poste;9;16;;utf8_unicode_ci;;?
Fiches_Cli;InnoDB;cli_pble;9;16;;utf8_unicode_ci;;?
Fiches_Cli;InnoDB;cli_fx1;9;16;;utf8_unicode_ci;;?
Fiches_Cli;InnoDB;cli_fx2;9;16;;utf8_unicode_ci;;?
Fiches_Cli;InnoDB;cli_plaf_ecrs;9;10;;utf8_unicode_ci;;?
Fiches_Cli;InnoDB;cli_cd_bq;9;5;;utf8_unicode_ci;;?
Fiches_Cli;InnoDB;cli_cd_gch;9;5;;utf8_unicode_ci;;?
Fiches_Cli;InnoDB;cli_dmln;9;30;;utf8_unicode_ci;;?
Fiches_Cli;InnoDB;cli_cle_rib;9;2;;utf8_unicode_ci;;?
Fiches_Cli;InnoDB;cli_num_cpt;9;11;;utf8_unicode_ci;;?
Fiches_Cli;InnoDB;cli_dom;9;25;;utf8_unicode_ci;;?
Fiches_Cli;InnoDB;cli_cd_ent;9;1;;utf8_unicode_ci;;?
Fiches_Cli;InnoDB;cli_cd_acc;9;1;;utf8_unicode_ci;;?
Fiches_Cli;InnoDB;cli_ref_tir;9;10;;utf8_unicode_ci;;?
Fiches_Cli;InnoDB;cli_id_tva;9;15;;utf8_unicode_ci;;?
Fiches_Cli;InnoDB;cli_cd_soc;9;2;;utf8_unicode_ci;;?
Fiches_Cli;InnoDB;cli_cd_cli;9;16;;utf8_unicode_ci;;?
Fiches_Cli;InnoDB;cli_co_vtl;9;255;;utf8_unicode_ci;;?
Fiches_Cli;InnoDB;cli_rlvc;4;0;;;;?
Fiches_Cli;InnoDB;cli_rlvf;4;0;;;;?
Fiches_Cli;InnoDB;cli_dt_rlc;8;0;;;;?
Fiches_Cli;InnoDB;cli_nm_int;9;25;;utf8_unicode_ci;;?
Fiches_Cli;InnoDB;cli_obs;9;0;;utf8_unicode_ci;;?
Fiches_Cli;InnoDB;cli_collectif;9;8;;utf8_unicode_ci;;?
Fiches_Cli;InnoDB;cli_rmo;9;6;;utf8_unicode_ci;;?
Fiches_Cli;InnoDB;cli_rart;9;6;;utf8_unicode_ci;;?
Fiches_Cli;InnoDB;cli_exo;4;0;;;;?
Fiches_Cli;InnoDB;cli_cdech;9;2;;utf8_unicode_ci;;?
Fiches_Cli;InnoDB;cli_typec;9;2;;utf8_unicode_ci;;?
Fiches_Cli;InnoDB;cli_expl;9;1;;utf8_unicode_ci;;?
Fiches_Cli;InnoDB;cli_pays;9;40;;utf8_unicode_ci;;?
Fiches_Cli;InnoDB;cli_statut;9;2;;utf8_unicode_ci;;?
Fiches_Cli;InnoDB;cli_rs_soc2;9;9;;utf8_unicode_ci;;?
Fiches_Cli;InnoDB;cli_nom2;9;35;;utf8_unicode_ci;;?
Fiches_Cli;InnoDB;cli_pnm2;9;35;;utf8_unicode_ci;;?
Fiches_Cli;InnoDB;cli_adr12;9;35;;utf8_unicode_ci;;?
Fiches_Cli;InnoDB;cli_adr22;9;35;;utf8_unicode_ci;;?
Fiches_Cli;InnoDB;cli_cd_ptl2;9;5;;utf8_unicode_ci;;?
Fiches_Cli;InnoDB;cli_ville2;9;35;;utf8_unicode_ci;;?
Fiches_Cli;InnoDB;cli_cnt1;9;17;;utf8_unicode_ci;;?
Fiches_Cli;InnoDB;cli_cnt2;9;40;;utf8_unicode_ci;;?
Fiches_Cli;InnoDB;cli_cnt3;9;25;;utf8_unicode_ci;;?
Fiches_Cli;InnoDB;cli_cnt4;9;17;;utf8_unicode_ci;;?
Fiches_Cli;InnoDB;cli_cnt5;9;40;;utf8_unicode_ci;;?
Fiches_Cli;InnoDB;cli_cnt6;9;25;;utf8_unicode_ci;;?
Fiches_Cli;InnoDB;cli_cnt7;9;17;;utf8_unicode_ci;;?
Fiches_Cli;InnoDB;cli_cnt8;9;40;;utf8_unicode_ci;;?
Fiches_Cli;InnoDB;cli_cnt9;9;25;;utf8_unicode_ci;;?
Fiches_Cli;InnoDB;cli_cnt10;9;17;;utf8_unicode_ci;;?
Fiches_Cli;InnoDB;cli_cnt11;9;40;;utf8_unicode_ci;;?
Fiches_Cli;InnoDB;cli_cnt12;9;25;;utf8_unicode_ci;;?
Fiches_Cli;InnoDB;cli_cnt13;9;17;;utf8_unicode_ci;;?
Fiches_Cli;InnoDB;cli_cnt14;9;40;;utf8_unicode_ci;;?
Fiches_Cli;InnoDB;cli_cnt15;9;25;;utf8_unicode_ci;;?
Fiches_Cli;InnoDB;cli_reg;9;15;;utf8_unicode_ci;;?
Fiches_Cli;InnoDB;cli_copie;1;0;;;;?
Fiches_Cli;InnoDB;cli_actif;1;0;;;;?
Fiches_Cli;InnoDB;cli_div;1;0;;;;?
Fiches_Cli;InnoDB;cli_iban;9;30;;utf8_unicode_ci;;?
Fiches_Cli;InnoDB;cli_bic;9;11;;utf8_unicode_ci;;?
Fiches_Cli;InnoDB;cli_coop;1;0;;;;?
Fiches_Cli;InnoDB;cli_rum;9;30;;utf8_unicode_ci;;?
Fiches_Cli;InnoDB;cli_datab;9;2;;utf8_unicode_ci;;?
Fiches_Cli;InnoDB;cli_aban;9;15;;utf8_unicode_ci;;?
Fiches_Cli;InnoDB;cli_sage;9;10;;utf8_unicode_ci;;?
Fiches_Cli;InnoDB;cli_livraison;1;0;;;;?
Fiches_Cli;InnoDB;cli_comm;9;2;;utf8_unicode_ci;;?
Fiches_Cli;InnoDB;cli_autoent;1;0;;;;?
Fiches_Cli;InnoDB;cli_tour;9;15;;utf8_unicode_ci;;?
Fiches_Cli;InnoDB;cli_gestion;7;0;;;;?
Fiches_Cli;InnoDB;cli_regr;9;1;;utf8_unicode_ci;;?
Fiches_Cli;InnoDB;cli_siret;9;14;;utf8_unicode_ci;;?
Fiches_Cli_Vtl;InnoDB;code;9;8;;utf8_unicode_ci;*;?
Fiches_Cli_Vtl;InnoDB;code_vtl;9;8;;utf8_unicode_ci;*;?
Fiches_Cli_Vtl;InnoDB;intitule_vtl;9;40;;utf8_unicode_ci;;?
Fiches_Clid;InnoDB;adr;9;200;;utf8_unicode_ci;;?
Fiches_Clid;InnoDB;ddate;8;0;;;;?
Fiches_Clid;InnoDB;lind;-1;0;;;*;?
Fiches_ClientCaisse;InnoDB;lInd;-1;0;;;*;?
Fiches_ClientCaisse;InnoDB;code;9;8;;utf8_unicode_ci;;?
Fiches_ClientCaisse;InnoDB;nom;9;30;;utf8_unicode_ci;;?
Fiches_CoeffTypec;InnoDB;lind;-1;0;;;*;?
Fiches_CoeffTypec;InnoDB;coder;9;2;;utf8_unicode_ci;;?
Fiches_CoeffTypec;InnoDB;codef;9;20;;utf8_unicode_ci;;?
Fiches_CoeffTypec;InnoDB;coeff;7;0;;;;?
Fiches_ComMail;InnoDB;numcom;9;2;;utf8_unicode_ci;*;?
Fiches_ComMail;InnoDB;intitule;9;0;;utf8_unicode_ci;;?
Fiches_Commentaires;InnoDB;numcom;9;2;;utf8_unicode_ci;*;?
Fiches_Commentaires;InnoDB;intitule;9;0;;utf8_unicode_ci;;?
Fiches_Commerciaux;InnoDB;lind;-1;0;;;*;?
Fiches_Commerciaux;InnoDB;code;9;2;;utf8_unicode_ci;;?
Fiches_Commerciaux;InnoDB;nom;9;35;;utf8_unicode_ci;;?
Fiches_Commerciaux;InnoDB;prenom;9;35;;utf8_unicode_ci;;?
Fiches_Commerciaux;InnoDB;comm;7;0;;;;?
Fiches_Comptes;InnoDB;compte_cc;4;0;0;;*;?
Fiches_Comptes;InnoDB;intitule_cc;9;40;;utf8_unicode_ci;;?
Fiches_Comptes;InnoDB;type_cc;9;1;;utf8_unicode_ci;;?
Fiches_Comptes;InnoDB;coll;4;0;;;;?
Fiches_Comptes;InnoDB;coll_cc;9;8;;utf8_unicode_ci;;?
Fiches_Comptes;InnoDB;cent_cc;4;0;;;;?
Fiches_Comptes;InnoDB;comptr_cc;4;0;;;;?
Fiches_Comptes;InnoDB;code_tvente;9;2;;utf8_unicode_ci;;?
Fiches_Comptes;InnoDB;taux_tvente;9;5;;utf8_unicode_ci;;?
Fiches_Comptes;InnoDB;gen_tv;4;0;;;;?
Fiches_Comptes;InnoDB;code_tachat;9;2;;utf8_unicode_ci;;?
Fiches_Comptes;InnoDB;taux_tachat;9;5;;utf8_unicode_ci;;?
Fiches_Comptes;InnoDB;gen_ta;4;0;;;;?
Fiches_Comptes;InnoDB;solde;7;0;;;;?
Fiches_Comptes;InnoDB;soldep;7;0;;;;?
Fiches_Comptes;InnoDB;cprincipal;1;0;;;;?
Fiches_Comptes;InnoDB;lettrable;1;0;;;;?
Fiches_ContactC;InnoDB;num;-1;0;;;*;?
Fiches_ContactC;InnoDB;code;4;0;;;;?
Fiches_ContactC;InnoDB;nom;9;35;;utf8_unicode_ci;;?
Fiches_ContactC;InnoDB;pnm;9;35;;utf8_unicode_ci;;?
Fiches_ContactC;InnoDB;fonction;9;35;;utf8_unicode_ci;;?
Fiches_ContactC;InnoDB;tel;9;16;;utf8_unicode_ci;;?
Fiches_ContactC;InnoDB;mail;9;150;;utf8_unicode_ci;;?
Fiches_ContactC;InnoDB;portable;9;16;;utf8_unicode_ci;;?
Fiches_ContactF;InnoDB;num;-1;0;;;*;?
Fiches_ContactF;InnoDB;code;4;0;;;;?
Fiches_ContactF;InnoDB;nom;9;35;;utf8_unicode_ci;;?
Fiches_ContactF;InnoDB;pnm;9;35;;utf8_unicode_ci;;?
Fiches_ContactF;InnoDB;fonction;9;35;;utf8_unicode_ci;;?
Fiches_ContactF;InnoDB;tel;9;16;;utf8_unicode_ci;;?
Fiches_ContactF;InnoDB;mail;9;150;;utf8_unicode_ci;;?
Fiches_ContactF;InnoDB;portable;9;16;;utf8_unicode_ci;;?
Fiches_Cpostaux;InnoDB;lind;-1;0;;;*;?
Fiches_Cpostaux;InnoDB;cp;9;5;;utf8_unicode_ci;;?
Fiches_Cpostaux;InnoDB;burdist;9;35;;utf8_unicode_ci;;?
Fiches_Cpostaux01;InnoDB;lind;-1;0;;;*;?
Fiches_Cpostaux01;InnoDB;cp;9;5;;utf8_unicode_ci;;?
Fiches_Cpostaux01;InnoDB;burdist;9;35;;utf8_unicode_ci;;?
Fiches_Depots;InnoDB;code;9;8;;utf8_unicode_ci;*;?
Fiches_Depots;InnoDB;libelle;9;35;;utf8_unicode_ci;;?
Fiches_Depots;InnoDB;adr1;9;35;;utf8_unicode_ci;;?
Fiches_Depots;InnoDB;adr2;9;35;;utf8_unicode_ci;;?
Fiches_Depots;InnoDB;cp;9;5;;utf8_unicode_ci;;?
Fiches_Depots;InnoDB;ville;9;35;;utf8_unicode_ci;;?
Fiches_Docactif;InnoDB;doc_type;9;12;;utf8_unicode_ci;*;?
Fiches_Docactif;InnoDB;doc_num;9;8;;utf8_unicode_ci;*;?
Fiches_Docactif;InnoDB;user_name;9;50;;utf8_unicode_ci;;?
Fiches_Docactif;InnoDB;process_id;4;0;;;;?
Fiches_Docactif;InnoDB;machine_id;9;50;;utf8_unicode_ci;;?
Fiches_Docactif;InnoDB;host_id;9;50;;utf8_unicode_ci;;?
Fiches_Docactif;InnoDB;userdb_name;9;50;;utf8_unicode_ci;;?
Fiches_Echeances;InnoDB;num;9;2;;utf8_unicode_ci;*;?
Fiches_Echeances;InnoDB;libell;9;20;;utf8_unicode_ci;;?
Fiches_Echeances;InnoDB;duree;9;2;;utf8_unicode_ci;;?
Fiches_Echeances;InnoDB;finmois;1;0;;;;?
Fiches_Echeances;InnoDB;jours;9;2;;utf8_unicode_ci;;?
Fiches_EntMat;InnoDB;numserie;9;15;;utf8_unicode_ci;*;?
Fiches_EntMat;InnoDB;codep;9;15;;utf8_unicode_ci;*;?
Fiches_EntMat;InnoDB;libelle;9;0;;utf8_unicode_ci;;?
Fiches_EntMat;InnoDB;bloc;9;6;;utf8_unicode_ci;;?
Fiches_EntMat;InnoDB;numbl;9;6;;utf8_unicode_ci;*;?
Fiches_EntMat;InnoDB;marque;9;20;;utf8_unicode_ci;;?
Fiches_EntMat;InnoDB;type;9;20;;utf8_unicode_ci;;?
Fiches_EntMat;InnoDB;design;9;50;;utf8_unicode_ci;;?
Fiches_EntMat;InnoDB;design2;9;50;;utf8_unicode_ci;;?
Fiches_EntTicketz;InnoDB;lInd;-1;0;;;*;?
Fiches_EntTicketz;InnoDB;caisse;9;2;;utf8_unicode_ci;;?
Fiches_EntTicketz;InnoDB;numero;9;7;;utf8_unicode_ci;;?
Fiches_EntTicketz;InnoDB;date;8;0;;;;?
Fiches_EntTicketz;InnoDB;client;9;30;;utf8_unicode_ci;;?
Fiches_EntTicketz;InnoDB;scheque;9;1;;utf8_unicode_ci;;?
Fiches_EntTicketz;InnoDB;mcheque;9;12;;utf8_unicode_ci;;?
Fiches_EntTicketz;InnoDB;nmcheque;9;30;;utf8_unicode_ci;;?
Fiches_EntTicketz;InnoDB;scarte;9;1;;utf8_unicode_ci;;?
Fiches_EntTicketz;InnoDB;nmcarte;9;30;;utf8_unicode_ci;;?
Fiches_EntTicketz;InnoDB;mcarte;9;12;;utf8_unicode_ci;;?
Fiches_EntTicketz;InnoDB;sespeces;9;1;;utf8_unicode_ci;;?
Fiches_EntTicketz;InnoDB;mespeces;9;12;;utf8_unicode_ci;;?
Fiches_EntTicketz;InnoDB;scredit;9;1;;utf8_unicode_ci;;?
Fiches_EntTicketz;InnoDB;mcredit;9;12;;utf8_unicode_ci;;?
Fiches_EntTicketz;InnoDB;nmcredit;9;30;;utf8_unicode_ci;;?
Fiches_EntTicketz;InnoDB;sbachat;9;1;;utf8_unicode_ci;;?
Fiches_EntTicketz;InnoDB;mbachat;9;12;;utf8_unicode_ci;;?
Fiches_EntTicketz;InnoDB;scavoir;9;1;;utf8_unicode_ci;;?
Fiches_EntTicketz;InnoDB;mavoir;9;12;;utf8_unicode_ci;;?
Fiches_EntTicketz;InnoDB;nmavoir;9;30;;utf8_unicode_ci;;?
Fiches_EntTicketz;InnoDB;mht;9;12;;utf8_unicode_ci;;?
Fiches_EntTicketz;InnoDB;mtva;9;12;;utf8_unicode_ci;;?
Fiches_EntTicketz;InnoDB;mttc;9;12;;utf8_unicode_ci;;?
Fiches_EntTicketz;InnoDB;statut;9;1;;utf8_unicode_ci;;?
Fiches_EntTicketz;InnoDB;savoir;9;1;;utf8_unicode_ci;;?
Fiches_EntTicketz;InnoDB;type;9;1;;utf8_unicode_ci;;?
Fiches_EntTicketz;InnoDB;mrem;9;12;;utf8_unicode_ci;;?
Fiches_EntTicketz;InnoDB;vendeur;9;35;;utf8_unicode_ci;;?
Fiches_EntTicketz;InnoDB;carte;9;13;;utf8_unicode_ci;;?
Fiches_EntTicketz;InnoDB;points;7;0;;;;?
Fiches_EntTicketz;InnoDB;sbonus;9;1;;utf8_unicode_ci;;?
Fiches_EntTicketz;InnoDB;mbonus;9;12;;utf8_unicode_ci;;?
Fiches_EntTicketz;InnoDB;sresto;9;1;;utf8_unicode_ci;;?
Fiches_EntTicketz;InnoDB;mresto;9;12;;utf8_unicode_ci;;?
Fiches_EntTicketz;InnoDB;nom;9;35;;utf8_unicode_ci;;?
Fiches_EntTicketz;InnoDB;retro;1;0;;;;?
Fiches_EntTicketz;InnoDB;suppr;1;0;;;;?
Fiches_EntTicketz;InnoDB;control;9;40;;utf8_unicode_ci;;?
Fiches_EntTicketz;InnoDB;prev_numero;9;7;;utf8_unicode_ci;;?
Fiches_Entcom;InnoDB;four;9;8;;utf8_unicode_ci;*;?
Fiches_Entcom;InnoDB;numcom;9;15;;utf8_unicode_ci;*;?
Fiches_Entcom;InnoDB;ddate;8;0;;;;?
Fiches_Entcom;InnoDB;montant;7;0;;;;?
Fiches_Entcom;InnoDB;reliquat;1;0;;;;?
Fiches_Entcom;InnoDB;montantttc;9;12;;utf8_unicode_ci;;?
Fiches_Entcom;InnoDB;anomalie;1;0;;;;?
Fiches_Entcom;InnoDB;commentaire;9;0;;utf8_unicode_ci;;?
Fiches_Entrecpt;InnoDB;four;9;8;;utf8_unicode_ci;*;?
Fiches_Entrecpt;InnoDB;numrecpt;9;15;;utf8_unicode_ci;*;?
Fiches_Entrecpt;InnoDB;ddate;8;0;;;;?
Fiches_Entrecpt;InnoDB;montant;7;0;;;;?
Fiches_Entrecpt;InnoDB;validee;1;0;;;;?
Fiches_Entrecpt;InnoDB;mttc;7;0;;;;?
Fiches_Entrecpt;InnoDB;anomalie;1;0;;;;?
Fiches_Entrecpt;InnoDB;commentaire;9;0;;utf8_unicode_ci;;?
Fiches_EtiGond;InnoDB;code;9;25;;utf8_unicode_ci;*;?
Fiches_EtiGond;InnoDB;nombre;7;0;;;;?
Fiches_EtiProd;InnoDB;code;9;25;;utf8_unicode_ci;*;?
Fiches_EtiProd;InnoDB;nombre;7;0;;;;?
Fiches_Etiquettes;InnoDB;code;9;1;;utf8_unicode_ci;*;?
Fiches_Etiquettes;InnoDB;nblargeur;7;0;;;;?
Fiches_Etiquettes;InnoDB;nbhauteur;7;0;;;;?
Fiches_Etiquettes;InnoDB;largeur;7;0;;;;?
Fiches_Etiquettes;InnoDB;hauteur;7;0;;;;?
Fiches_Etiquettes;InnoDB;mrghaut;7;0;;;;?
Fiches_Etiquettes;InnoDB;mrgauche;7;0;;;;?
Fiches_Etiquettes;InnoDB;esplargeur;7;0;;;;?
Fiches_Etiquettes;InnoDB;esphauteur;7;0;;;;?
Fiches_Etiquettes;InnoDB;libelle;9;25;;utf8_unicode_ci;;?
Fiches_Etiquettes;InnoDB;page;9;20;;utf8_unicode_ci;*;?
Fiches_Fam;InnoDB;code_fam;9;20;;utf8_unicode_ci;*;?
Fiches_Fam;InnoDB;libell_fam;9;30;;utf8_unicode_ci;;?
Fiches_Fam;InnoDB;compt_fam;9;8;;utf8_unicode_ci;;?
Fiches_Fam;InnoDB;coef_fam;7;0;;;;?
Fiches_Fam;InnoDB;cdtva_fam;9;2;;utf8_unicode_ci;;?
Fiches_Fam;InnoDB;txtva_fam;7;0;;;;?
Fiches_Fam;InnoDB;cptrem_fam;9;10;;utf8_unicode_ci;;?
Fiches_Fam;InnoDB;ect_fam;7;0;;;;?
Fiches_Fam;InnoDB;rem_fam;7;0;;;;?
Fiches_Fam;InnoDB;qte1;7;0;;;;?
Fiches_Fam;InnoDB;qte2;7;0;;;;?
Fiches_Fam;InnoDB;rem1;7;0;;;;?
Fiches_Fam;InnoDB;qte3;7;0;;;;?
Fiches_Fam;InnoDB;qte4;7;0;;;;?
Fiches_Fam;InnoDB;rem2;7;0;;;;?
Fiches_Fam;InnoDB;qte5;7;0;;;;?
Fiches_Fam;InnoDB;qte6;7;0;;;;?
Fiches_Fam;InnoDB;rem3;7;0;;;;?
Fiches_Fam;InnoDB;qte7;7;0;;;;?
Fiches_Fam;InnoDB;qte8;7;0;;;;?
Fiches_Fam;InnoDB;rem4;7;0;;;;?
Fiches_Fam;InnoDB;qte9;7;0;;;;?
Fiches_Fam;InnoDB;qte10;7;0;;;;?
Fiches_Fam;InnoDB;rem5;7;0;;;;?
Fiches_Fam;InnoDB;qte11;7;0;;;;?
Fiches_Fam;InnoDB;qte12;7;0;;;;?
Fiches_Fam;InnoDB;rem6;7;0;;;;?
Fiches_Fam;InnoDB;compt2_fam;9;8;;utf8_unicode_ci;;?
Fiches_Fam;InnoDB;compt3_fam;9;8;;utf8_unicode_ci;;?
Fiches_Fam;InnoDB;compt4_fam;9;8;;utf8_unicode_ci;;?
Fiches_Fam;InnoDB;compt5_fam;9;8;;utf8_unicode_ci;;?
Fiches_FamDep;InnoDB;lind;-1;0;;;*;?
Fiches_FamDep;InnoDB;fam;9;20;;utf8_unicode_ci;;?
Fiches_FamDep;InnoDB;compte;9;8;;utf8_unicode_ci;;?
Fiches_FamDep;InnoDB;depot;9;8;;utf8_unicode_ci;;?
Fiches_Four;InnoDB;fo_code;4;0;0;;*;?
Fiches_Four;InnoDB;fo_col;9;1;;utf8_unicode_ci;;?
Fiches_Four;InnoDB;fo_rs_soc;9;12;;utf8_unicode_ci;;?
Fiches_Four;InnoDB;fo_nom;9;35;;utf8_unicode_ci;;?
Fiches_Four;InnoDB;fo_pnm;9;35;;utf8_unicode_ci;;?
Fiches_Four;InnoDB;fo_adr1;9;35;;utf8_unicode_ci;;?
Fiches_Four;InnoDB;fo_adr2;9;35;;utf8_unicode_ci;;?
Fiches_Four;InnoDB;fo_cd_ptl;9;5;;utf8_unicode_ci;;?
Fiches_Four;InnoDB;fo_ville;9;35;;utf8_unicode_ci;;?
Fiches_Four;InnoDB;fo_email;9;150;;utf8_unicode_ci;;?
Fiches_Four;InnoDB;fo_tel_std;9;16;;utf8_unicode_ci;;?
Fiches_Four;InnoDB;fo_tel_bur;9;16;;utf8_unicode_ci;;?
Fiches_Four;InnoDB;fo_tel_post;9;16;;utf8_unicode_ci;;?
Fiches_Four;InnoDB;fo_pble;9;16;;utf8_unicode_ci;;?
Fiches_Four;InnoDB;fo_fx1;9;16;;utf8_unicode_ci;;?
Fiches_Four;InnoDB;fo_fx2;9;16;;utf8_unicode_ci;;?
Fiches_Four;InnoDB;fo_plaf_ecrs;9;10;;utf8_unicode_ci;;?
Fiches_Four;InnoDB;fo_obs;9;0;;utf8_unicode_ci;;?
Fiches_Four;InnoDB;fo_cd_bq;9;5;;utf8_unicode_ci;;?
Fiches_Four;InnoDB;fo_cd_gch;9;5;;utf8_unicode_ci;;?
Fiches_Four;InnoDB;fo_cle_rib;9;2;;utf8_unicode_ci;;?
Fiches_Four;InnoDB;fo_num_cpt;9;11;;utf8_unicode_ci;;?
Fiches_Four;InnoDB;fo_dom;9;25;;utf8_unicode_ci;;?
Fiches_Four;InnoDB;fo_id_tva;9;15;;utf8_unicode_ci;;?
Fiches_Four;InnoDB;fo_cd_soc;9;2;;utf8_unicode_ci;;?
Fiches_Four;InnoDB;fo_site;9;40;;utf8_unicode_ci;;?
Fiches_Four;InnoDB;fo_cd_cli;9;16;;utf8_unicode_ci;;?
Fiches_Four;InnoDB;fo_co_vtl;9;255;;utf8_unicode_ci;;?
Fiches_Four;InnoDB;fo_collectif;9;8;;utf8_unicode_ci;;?
Fiches_Four;InnoDB;fo_cdech;9;2;;utf8_unicode_ci;;?
Fiches_Four;InnoDB;fo_pays;9;40;;utf8_unicode_ci;;?
Fiches_Four;InnoDB;fo_franco;7;0;;;;?
Fiches_Four;InnoDB;fo_centrale;1;0;;;;?
Fiches_Four;InnoDB;fo_cnt1;9;17;;utf8_unicode_ci;;?
Fiches_Four;InnoDB;fo_cnt2;9;40;;utf8_unicode_ci;;?
Fiches_Four;InnoDB;fo_cnt3;9;25;;utf8_unicode_ci;;?
Fiches_Four;InnoDB;fo_cnt4;9;17;;utf8_unicode_ci;;?
Fiches_Four;InnoDB;fo_cnt5;9;40;;utf8_unicode_ci;;?
Fiches_Four;InnoDB;fo_cnt6;9;25;;utf8_unicode_ci;;?
Fiches_Four;InnoDB;fo_cnt7;9;17;;utf8_unicode_ci;;?
Fiches_Four;InnoDB;fo_cnt8;9;40;;utf8_unicode_ci;;?
Fiches_Four;InnoDB;fo_cnt9;9;25;;utf8_unicode_ci;;?
Fiches_Four;InnoDB;fo_cnt10;9;17;;utf8_unicode_ci;;?
Fiches_Four;InnoDB;fo_cnt11;9;40;;utf8_unicode_ci;;?
Fiches_Four;InnoDB;fo_cnt12;9;25;;utf8_unicode_ci;;?
Fiches_Four;InnoDB;fo_cnt13;9;17;;utf8_unicode_ci;;?
Fiches_Four;InnoDB;fo_cnt14;9;40;;utf8_unicode_ci;;?
Fiches_Four;InnoDB;fo_cnt15;9;25;;utf8_unicode_ci;;?
Fiches_Four;InnoDB;fo_ccentrale;9;2;;utf8_unicode_ci;;?
Fiches_Four;InnoDB;fo_copie;1;0;;;;?
Fiches_Four;InnoDB;fo_mincom;7;0;;;;?
Fiches_Four;InnoDB;fo_iban;9;30;;utf8_unicode_ci;;?
Fiches_Four;InnoDB;fo_bic;9;11;;utf8_unicode_ci;;?
Fiches_Four;InnoDB;fo_exo;1;0;;;;?
Fiches_Four;InnoDB;fo_fport;7;0;;;;?
Fiches_Four;InnoDB;fo_cb;9;13;;utf8_unicode_ci;;?
Fiches_Four_Vtl;InnoDB;code;9;8;;utf8_unicode_ci;*;?
Fiches_Four_Vtl;InnoDB;code_vtl;9;8;;utf8_unicode_ci;*;?
Fiches_Four_Vtl;InnoDB;intitule_vtl;9;40;;utf8_unicode_ci;;?
Fiches_HisEntTickets;InnoDB;lInd;-1;0;;;*;?
Fiches_HisEntTickets;InnoDB;caisse;9;2;;utf8_unicode_ci;;?
Fiches_HisEntTickets;InnoDB;numero;9;7;;utf8_unicode_ci;;?
Fiches_HisEntTickets;InnoDB;client;9;30;;utf8_unicode_ci;;?
Fiches_HisEntTickets;InnoDB;scheque;9;1;;utf8_unicode_ci;;?
Fiches_HisEntTickets;InnoDB;mcheque;9;12;;utf8_unicode_ci;;?
Fiches_HisEntTickets;InnoDB;nmcheque;9;30;;utf8_unicode_ci;;?
Fiches_HisEntTickets;InnoDB;scarte;9;1;;utf8_unicode_ci;;?
Fiches_HisEntTickets;InnoDB;nmcarte;9;30;;utf8_unicode_ci;;?
Fiches_HisEntTickets;InnoDB;mcarte;9;12;;utf8_unicode_ci;;?
Fiches_HisEntTickets;InnoDB;sespeces;9;1;;utf8_unicode_ci;;?
Fiches_HisEntTickets;InnoDB;mespeces;9;12;;utf8_unicode_ci;;?
Fiches_HisEntTickets;InnoDB;scredit;9;1;;utf8_unicode_ci;;?
Fiches_HisEntTickets;InnoDB;mcredit;9;12;;utf8_unicode_ci;;?
Fiches_HisEntTickets;InnoDB;nmcredit;9;30;;utf8_unicode_ci;;?
Fiches_HisEntTickets;InnoDB;sbachat;9;1;;utf8_unicode_ci;;?
Fiches_HisEntTickets;InnoDB;mbachat;9;12;;utf8_unicode_ci;;?
Fiches_HisEntTickets;InnoDB;scavoir;9;1;;utf8_unicode_ci;;?
Fiches_HisEntTickets;InnoDB;mavoir;9;12;;utf8_unicode_ci;;?
Fiches_HisEntTickets;InnoDB;nmavoir;9;30;;utf8_unicode_ci;;?
Fiches_HisEntTickets;InnoDB;mht;9;12;;utf8_unicode_ci;;?
Fiches_HisEntTickets;InnoDB;mtva;9;12;;utf8_unicode_ci;;?
Fiches_HisEntTickets;InnoDB;mttc;9;12;;utf8_unicode_ci;;?
Fiches_HisEntTickets;InnoDB;savoir;9;1;;utf8_unicode_ci;;?
Fiches_HisEntTickets;InnoDB;vendeur;9;35;;utf8_unicode_ci;;?
Fiches_HisEntTickets;InnoDB;carte;9;13;;utf8_unicode_ci;;?
Fiches_HisEntTickets;InnoDB;points;7;0;;;;?
Fiches_HisEntTickets;InnoDB;sbonus;9;1;;utf8_unicode_ci;;?
Fiches_HisEntTickets;InnoDB;mbonus;9;12;;utf8_unicode_ci;;?
Fiches_HisEntTickets;InnoDB;sresto;9;1;;utf8_unicode_ci;;?
Fiches_HisEntTickets;InnoDB;mresto;9;12;;utf8_unicode_ci;;?
Fiches_HisEntTickets;InnoDB;nom;9;35;;utf8_unicode_ci;;?
Fiches_HisEntTickets;InnoDB;suppr;1;0;;;;?
Fiches_HisEntTickets;InnoDB;control;9;40;;utf8_unicode_ci;;?
Fiches_HisEntTickets;InnoDB;type;9;1;;utf8_unicode_ci;;?
Fiches_HisEntTickets;InnoDB;retro;1;0;;;;?
Fiches_HisEntTickets;InnoDB;prev_numero;9;7;;utf8_unicode_ci;;?
Fiches_HisEntTickets;InnoDB;date;8;0;;;;?
Fiches_HisInvT;InnoDB;inv_num;4;0;;;*;?
Fiches_HisInvT;InnoDB;inv_code;9;15;;utf8_unicode_ci;*;?
Fiches_HisInvT;InnoDB;inv_qtestock;7;0;;;;?
Fiches_HisInvT;InnoDB;inv_qtecomptee;7;0;;;;?
Fiches_HisInvT;InnoDB;inv_date;8;0;;;;?
Fiches_HisLigTickets;InnoDB;lInd;-1;0;;;*;?
Fiches_HisLigTickets;InnoDB;numero;9;7;;utf8_unicode_ci;;?
Fiches_HisLigTickets;InnoDB;numlig;9;3;;utf8_unicode_ci;;?
Fiches_HisLigTickets;InnoDB;code;9;15;;utf8_unicode_ci;;?
Fiches_HisLigTickets;InnoDB;intitule;9;50;;utf8_unicode_ci;;?
Fiches_HisLigTickets;InnoDB;montant;9;12;;utf8_unicode_ci;;?
Fiches_HisLigTickets;InnoDB;qte;9;12;;utf8_unicode_ci;;?
Fiches_HisLigTickets;InnoDB;type;9;2;;utf8_unicode_ci;;?
Fiches_HisLigTickets;InnoDB;fam;9;20;;utf8_unicode_ci;;?
Fiches_HisLigTickets;InnoDB;mht;9;12;;utf8_unicode_ci;;?
Fiches_HisLigTickets;InnoDB;mrem;9;12;;utf8_unicode_ci;;?
Fiches_HisLigTickets;InnoDB;tva;9;12;;utf8_unicode_ci;;?
Fiches_HisLigTickets;InnoDB;mtva;9;12;;utf8_unicode_ci;;?
Fiches_HisLigTickets;InnoDB;block;9;4;;utf8_unicode_ci;;?
Fiches_HisLigTickets;InnoDB;date;8;0;;;;?
Fiches_HisentMat;InnoDB;numserie;9;15;;utf8_unicode_ci;*;?
Fiches_HisentMat;InnoDB;codep;9;15;;utf8_unicode_ci;*;?
Fiches_HisentMat;InnoDB;marque;9;20;;utf8_unicode_ci;;?
Fiches_HisentMat;InnoDB;type;9;20;;utf8_unicode_ci;;?
Fiches_HisentMat;InnoDB;design;9;50;;utf8_unicode_ci;;?
Fiches_HisentMat;InnoDB;design2;9;50;;utf8_unicode_ci;;?
Fiches_HisentMat;InnoDB;libelle;9;0;;utf8_unicode_ci;;?
Fiches_HisentMat;InnoDB;bloc;9;6;;utf8_unicode_ci;;?
Fiches_HisentMat;InnoDB;numfac;9;10;;utf8_unicode_ci;*;?
Fiches_HistoFac;InnoDB;numfac;9;10;;utf8_unicode_ci;;?
Fiches_HistoFac;InnoDB;cdclifac;9;8;;utf8_unicode_ci;;?
Fiches_HistoFac;InnoDB;cvclifac;9;12;;utf8_unicode_ci;;?
Fiches_HistoFac;InnoDB;nmclifac;9;35;;utf8_unicode_ci;;?
Fiches_HistoFac;InnoDB;pnmclifac;9;35;;utf8_unicode_ci;;?
Fiches_HistoFac;InnoDB;adr1fac;9;35;;utf8_unicode_ci;;?
Fiches_HistoFac;InnoDB;adr2fac;9;35;;utf8_unicode_ci;;?
Fiches_HistoFac;InnoDB;cpfac;9;5;;utf8_unicode_ci;;?
Fiches_HistoFac;InnoDB;villefac;9;35;;utf8_unicode_ci;;?
Fiches_HistoFac;InnoDB;datefac;8;0;;;;?
Fiches_HistoFac;InnoDB;rmofac;9;6;;utf8_unicode_ci;;?
Fiches_HistoFac;InnoDB;rartfac;9;5;;utf8_unicode_ci;;?
Fiches_HistoFac;InnoDB;exofac;4;0;;;;?
Fiches_HistoFac;InnoDB;remmofac;9;10;;utf8_unicode_ci;;?
Fiches_HistoFac;InnoDB;remartfac;9;10;;utf8_unicode_ci;;?
Fiches_HistoFac;InnoDB;totfac;7;0;;;;?
Fiches_HistoFac;InnoDB;reg;9;15;;utf8_unicode_ci;;?
Fiches_HistoFac;InnoDB;ech;8;0;;;;?
Fiches_HistoFac;InnoDB;numerobl;9;6;;utf8_unicode_ci;;?
Fiches_HistoFac;InnoDB;acpt;9;12;;utf8_unicode_ci;;?
Fiches_HistoFac;InnoDB;mreg;9;10;;utf8_unicode_ci;;?
Fiches_HistoFac;InnoDB;marge_mo;7;0;;;;?
Fiches_HistoFac;InnoDB;marge_art;7;0;;;;?
Fiches_HistoFac;InnoDB;numserie;9;15;;utf8_unicode_ci;;?
Fiches_HistoFac;InnoDB;codep;9;15;;utf8_unicode_ci;;?
Fiches_HistoFac;InnoDB;mtreg;9;12;;utf8_unicode_ci;;?
Fiches_HistoFac;InnoDB;totfacttc;7;0;;;;?
Fiches_HistoFac;InnoDB;cdep;9;37;;utf8_unicode_ci;;?
Fiches_HistoFac;InnoDB;acquitte;1;0;;;;?
Fiches_HistoFac;InnoDB;gestfac;7;0;;;;?
Fiches_HistoFacM;InnoDB;numfac;9;10;;utf8_unicode_ci;;?
Fiches_HistoFacM;InnoDB;cdclifac;9;8;;utf8_unicode_ci;;?
Fiches_HistoFacM;InnoDB;cvclifac;9;9;;utf8_unicode_ci;;?
Fiches_HistoFacM;InnoDB;nmclifac;9;35;;utf8_unicode_ci;;?
Fiches_HistoFacM;InnoDB;pnmclifac;9;35;;utf8_unicode_ci;;?
Fiches_HistoFacM;InnoDB;adr1fac;9;35;;utf8_unicode_ci;;?
Fiches_HistoFacM;InnoDB;adr2fac;9;35;;utf8_unicode_ci;;?
Fiches_HistoFacM;InnoDB;cpfac;9;5;;utf8_unicode_ci;;?
Fiches_HistoFacM;InnoDB;villefac;9;35;;utf8_unicode_ci;;?
Fiches_HistoFacM;InnoDB;datefac;8;0;;;;?
Fiches_HistoFacM;InnoDB;rmofac;9;6;;utf8_unicode_ci;;?
Fiches_HistoFacM;InnoDB;rartfac;9;5;;utf8_unicode_ci;;?
Fiches_HistoFacM;InnoDB;exofac;4;0;;;;?
Fiches_HistoFacM;InnoDB;remmofac;9;10;;utf8_unicode_ci;;?
Fiches_HistoFacM;InnoDB;remartfac;9;10;;utf8_unicode_ci;;?
Fiches_HistoFacM;InnoDB;totfac;7;0;;;;?
Fiches_HistoFacM;InnoDB;reg;9;15;;utf8_unicode_ci;;?
Fiches_HistoFacM;InnoDB;ech;8;0;;;;?
Fiches_HistoFacM;InnoDB;numerobl;9;6;;utf8_unicode_ci;;?
Fiches_HistoFacM;InnoDB;acpt;9;12;;utf8_unicode_ci;;?
Fiches_HistoFacM;InnoDB;mreg;9;10;;utf8_unicode_ci;;?
Fiches_HistoFacM;InnoDB;marge_mo;7;0;;;;?
Fiches_HistoFacM;InnoDB;marge_art;7;0;;;;?
Fiches_HistoFacM;InnoDB;numserie;9;15;;utf8_unicode_ci;;?
Fiches_HistoFacM;InnoDB;codep;9;15;;utf8_unicode_ci;;?
Fiches_HistoFacM;InnoDB;mtreg;9;12;;utf8_unicode_ci;;?
Fiches_HistoFacM;InnoDB;totfacttc;7;0;;;;?
Fiches_HistoFacM;InnoDB;cdep;9;37;;utf8_unicode_ci;;?
Fiches_HistoFacM;InnoDB;acquitte;1;0;;;;?
Fiches_HistoFacM;InnoDB;gestfac;7;0;;;;?
Fiches_HistoLigfac;InnoDB;num_ligfac;9;10;;utf8_unicode_ci;*;?
Fiches_HistoLigfac;InnoDB;numlig_ligfac;9;6;;utf8_unicode_ci;*;?
Fiches_HistoLigfac;InnoDB;code_ligfac;9;15;;utf8_unicode_ci;;?
Fiches_HistoLigfac;InnoDB;libel_ligfac;9;50;;utf8_unicode_ci;;?
Fiches_HistoLigfac;InnoDB;fam_ligfac;9;20;;utf8_unicode_ci;;?
Fiches_HistoLigfac;InnoDB;pu_ligfac;9;10;;utf8_unicode_ci;;?
Fiches_HistoLigfac;InnoDB;qte_ligfac;9;6;;utf8_unicode_ci;;?
Fiches_HistoLigfac;InnoDB;brut_ligfac;9;10;;utf8_unicode_ci;;?
Fiches_HistoLigfac;InnoDB;rem_ligfac;9;6;;utf8_unicode_ci;;?
Fiches_HistoLigfac;InnoDB;netht_ligfac;9;10;;utf8_unicode_ci;;?
Fiches_HistoLigfac;InnoDB;tx_ligfac;9;1;;utf8_unicode_ci;;?
Fiches_HistoLigfac;InnoDB;nettc_ligfac;9;10;;utf8_unicode_ci;;?
Fiches_HistoLigfac;InnoDB;typel_ligfac;9;1;;utf8_unicode_ci;;?
Fiches_HistoLigfac;InnoDB;tm_ligfac;9;1;;utf8_unicode_ci;;?
Fiches_HistoLigfac;InnoDB;com_ligfac;9;0;;utf8_unicode_ci;;?
Fiches_HistoLigfac;InnoDB;bloc;9;30;;utf8_unicode_ci;;?
Fiches_HistoLigfac;InnoDB;mtx_ligfac;9;5;;utf8_unicode_ci;;?
Fiches_HistoLigfac;InnoDB;mrgart_ligfac;7;0;;;;?
Fiches_HistoLigfac;InnoDB;mrgmo_ligfac;7;0;;;;?
Fiches_HistoLigfac;InnoDB;tour_ligfac;9;15;;utf8_unicode_ci;;?
Fiches_HistoLigfac;InnoDB;dtligbl_ligfac;8;0;;;;?
Fiches_HistoLigfac;InnoDB;numbl_ligfac;9;6;;utf8_unicode_ci;;?
Fiches_HistoLigfacM;InnoDB;num_ligfac;9;10;;utf8_unicode_ci;*;?
Fiches_HistoLigfacM;InnoDB;numlig_ligfac;9;6;;utf8_unicode_ci;*;?
Fiches_HistoLigfacM;InnoDB;code_ligfac;9;15;;utf8_unicode_ci;;?
Fiches_HistoLigfacM;InnoDB;libel_ligfac;9;50;;utf8_unicode_ci;;?
Fiches_HistoLigfacM;InnoDB;fam_ligfac;9;20;;utf8_unicode_ci;;?
Fiches_HistoLigfacM;InnoDB;pu_ligfac;9;12;;utf8_unicode_ci;;?
Fiches_HistoLigfacM;InnoDB;qte_ligfac;9;6;;utf8_unicode_ci;;?
Fiches_HistoLigfacM;InnoDB;brut_ligfac;9;12;;utf8_unicode_ci;;?
Fiches_HistoLigfacM;InnoDB;rem_ligfac;9;6;;utf8_unicode_ci;;?
Fiches_HistoLigfacM;InnoDB;netht_ligfac;9;12;;utf8_unicode_ci;;?
Fiches_HistoLigfacM;InnoDB;tx_ligfac;9;1;;utf8_unicode_ci;;?
Fiches_HistoLigfacM;InnoDB;nettc_ligfac;9;12;;utf8_unicode_ci;;?
Fiches_HistoLigfacM;InnoDB;typel_ligfac;9;1;;utf8_unicode_ci;;?
Fiches_HistoLigfacM;InnoDB;tm_ligfac;9;1;;utf8_unicode_ci;;?
Fiches_HistoLigfacM;InnoDB;com_ligfac;9;0;;utf8_unicode_ci;;?
Fiches_HistoLigfacM;InnoDB;bloc;9;30;;utf8_unicode_ci;;?
Fiches_HistoLigfacM;InnoDB;mtx_ligfac;9;5;;utf8_unicode_ci;;?
Fiches_HistoLigfacM;InnoDB;mrgart_ligfac;7;0;;;;?
Fiches_HistoLigfacM;InnoDB;mrgmo_ligfac;7;0;;;;?
Fiches_HistoLigfacM;InnoDB;tour_ligfac;9;15;;utf8_unicode_ci;;?
Fiches_HistoLigfacM;InnoDB;dtligbl_ligfac;8;0;;;;?
Fiches_HistoLigfacM;InnoDB;numbl_ligfac;9;6;;utf8_unicode_ci;;?
Fiches_Identite;InnoDB;code;9;2;;utf8_unicode_ci;*;?
Fiches_Identite;InnoDB;libelle;9;9;;utf8_unicode_ci;;?
Fiches_ImpArtDef;InnoDB;num;4;0;;;*;?
Fiches_ImpArtDef;InnoDB;nom;9;50;;utf8_unicode_ci;;?
Fiches_ImpArtDef;InnoDB;cfour;9;8;;utf8_unicode_ci;;?
Fiches_ImpArtDef;InnoDB;nfour;9;50;;utf8_unicode_ci;;?
Fiches_ImpArtDef;InnoDB;cfam;9;20;;utf8_unicode_ci;;?
Fiches_ImpArtDef;InnoDB;nfam;9;50;;utf8_unicode_ci;;?
Fiches_ImpArtDef;InnoDB;adrfic;9;100;;utf8_unicode_ci;;?
Fiches_ImpArtDef;InnoDB;typesep;9;1;;utf8_unicode_ci;;?
Fiches_ImpArtDef;InnoDB;sep;9;1;;utf8_unicode_ci;;?
Fiches_ImpArtDef2;InnoDB;num;4;0;;;*;?
Fiches_ImpArtDef2;InnoDB;posorg_1;9;4;;utf8_unicode_ci;;?
Fiches_ImpArtDef2;InnoDB;col_1;9;50;;utf8_unicode_ci;;?
Fiches_ImpArtDef2;InnoDB;db_1;4;0;;;;?
Fiches_ImpArtDef2;InnoDB;lg_1;4;0;;;;?
Fiches_ImpArtDef2;InnoDB;pos_1;4;0;;;;?
Fiches_ImpArtDef2;InnoDB;posorg_2;9;4;;utf8_unicode_ci;;?
Fiches_ImpArtDef2;InnoDB;col_2;9;50;;utf8_unicode_ci;;?
Fiches_ImpArtDef2;InnoDB;db_2;4;0;;;;?
Fiches_ImpArtDef2;InnoDB;lg_2;4;0;;;;?
Fiches_ImpArtDef2;InnoDB;pos_2;4;0;;;;?
Fiches_ImpArtDef2;InnoDB;posorg_3;9;4;;utf8_unicode_ci;;?
Fiches_ImpArtDef2;InnoDB;col_3;9;50;;utf8_unicode_ci;;?
Fiches_ImpArtDef2;InnoDB;db_3;4;0;;;;?
Fiches_ImpArtDef2;InnoDB;lg_3;4;0;;;;?
Fiches_ImpArtDef2;InnoDB;pos_3;4;0;;;;?
Fiches_ImpArtDef2;InnoDB;posorg_4;9;4;;utf8_unicode_ci;;?
Fiches_ImpArtDef2;InnoDB;col_4;9;50;;utf8_unicode_ci;;?
Fiches_ImpArtDef2;InnoDB;db_4;4;0;;;;?
Fiches_ImpArtDef2;InnoDB;lg_4;4;0;;;;?
Fiches_ImpArtDef2;InnoDB;pos_4;4;0;;;;?
Fiches_ImpArtDef2;InnoDB;posorg_5;9;4;;utf8_unicode_ci;;?
Fiches_ImpArtDef2;InnoDB;col_5;9;50;;utf8_unicode_ci;;?
Fiches_ImpArtDef2;InnoDB;db_5;4;0;;;;?
Fiches_ImpArtDef2;InnoDB;lg_5;4;0;;;;?
Fiches_ImpArtDef2;InnoDB;pos_5;4;0;;;;?
Fiches_ImpArtDef2;InnoDB;posorg_6;9;4;;utf8_unicode_ci;;?
Fiches_ImpArtDef2;InnoDB;col_6;9;50;;utf8_unicode_ci;;?
Fiches_ImpArtDef2;InnoDB;db_6;4;0;;;;?
Fiches_ImpArtDef2;InnoDB;lg_6;4;0;;;;?
Fiches_ImpArtDef2;InnoDB;pos_6;4;0;;;;?
Fiches_ImpArtDef2;InnoDB;posorg_7;9;4;;utf8_unicode_ci;;?
Fiches_ImpArtDef2;InnoDB;col_7;9;50;;utf8_unicode_ci;;?
Fiches_ImpArtDef2;InnoDB;db_7;4;0;;;;?
Fiches_ImpArtDef2;InnoDB;lg_7;4;0;;;;?
Fiches_ImpArtDef2;InnoDB;pos_7;4;0;;;;?
Fiches_ImpArtDef2;InnoDB;posorg_8;9;4;;utf8_unicode_ci;;?
Fiches_ImpArtDef2;InnoDB;col_8;9;50;;utf8_unicode_ci;;?
Fiches_ImpArtDef2;InnoDB;db_8;4;0;;;;?
Fiches_ImpArtDef2;InnoDB;lg_8;4;0;;;;?
Fiches_ImpArtDef2;InnoDB;pos_8;4;0;;;;?
Fiches_ImpArtDef2;InnoDB;posorg_9;9;4;;utf8_unicode_ci;;?
Fiches_ImpArtDef2;InnoDB;col_9;9;50;;utf8_unicode_ci;;?
Fiches_ImpArtDef2;InnoDB;db_9;4;0;;;;?
Fiches_ImpArtDef2;InnoDB;lg_9;4;0;;;;?
Fiches_ImpArtDef2;InnoDB;pos_9;4;0;;;;?
Fiches_ImpArtDef2;InnoDB;posorg_10;9;4;;utf8_unicode_ci;;?
Fiches_ImpArtDef2;InnoDB;col_10;9;50;;utf8_unicode_ci;;?
Fiches_ImpArtDef2;InnoDB;db_10;4;0;;;;?
Fiches_ImpArtDef2;InnoDB;lg_10;4;0;;;;?
Fiches_ImpArtDef2;InnoDB;pos_10;4;0;;;;?
Fiches_ImpArtDef2;InnoDB;posorg_11;9;4;;utf8_unicode_ci;;?
Fiches_ImpArtDef2;InnoDB;col_11;9;50;;utf8_unicode_ci;;?
Fiches_ImpArtDef2;InnoDB;db_11;4;0;;;;?
Fiches_ImpArtDef2;InnoDB;lg_11;4;0;;;;?
Fiches_ImpArtDef2;InnoDB;pos_11;4;0;;;;?
Fiches_ImpArtDef2;InnoDB;posorg_12;9;4;;utf8_unicode_ci;;?
Fiches_ImpArtDef2;InnoDB;col_12;9;50;;utf8_unicode_ci;;?
Fiches_ImpArtDef2;InnoDB;db_12;4;0;;;;?
Fiches_ImpArtDef2;InnoDB;lg_12;4;0;;;;?
Fiches_ImpArtDef2;InnoDB;pos_12;4;0;;;;?
Fiches_ImpArtDef2;InnoDB;posorg_13;9;4;;utf8_unicode_ci;;?
Fiches_ImpArtDef2;InnoDB;col_13;9;50;;utf8_unicode_ci;;?
Fiches_ImpArtDef2;InnoDB;db_13;4;0;;;;?
Fiches_ImpArtDef2;InnoDB;lg_13;4;0;;;;?
Fiches_ImpArtDef2;InnoDB;pos_13;4;0;;;;?
Fiches_ImpArtDef2;InnoDB;posorg_14;9;4;;utf8_unicode_ci;;?
Fiches_ImpArtDef2;InnoDB;col_14;9;50;;utf8_unicode_ci;;?
Fiches_ImpArtDef2;InnoDB;db_14;4;0;;;;?
Fiches_ImpArtDef2;InnoDB;lg_14;4;0;;;;?
Fiches_ImpArtDef2;InnoDB;pos_14;4;0;;;;?
Fiches_ImpArtDef2;InnoDB;posorg_15;9;4;;utf8_unicode_ci;;?
Fiches_ImpArtDef2;InnoDB;col_15;9;50;;utf8_unicode_ci;;?
Fiches_ImpArtDef2;InnoDB;db_15;4;0;;;;?
Fiches_ImpArtDef2;InnoDB;lg_15;4;0;;;;?
Fiches_ImpArtDef2;InnoDB;pos_15;4;0;;;;?
Fiches_ImpArtDef2;InnoDB;posorg_16;9;4;;utf8_unicode_ci;;?
Fiches_ImpArtDef2;InnoDB;col_16;9;50;;utf8_unicode_ci;;?
Fiches_ImpArtDef2;InnoDB;db_16;4;0;;;;?
Fiches_ImpArtDef2;InnoDB;lg_16;4;0;;;;?
Fiches_ImpArtDef2;InnoDB;pos_16;4;0;;;;?
Fiches_ImpArtDef2;InnoDB;posorg_17;9;4;;utf8_unicode_ci;;?
Fiches_ImpArtDef2;InnoDB;col_17;9;50;;utf8_unicode_ci;;?
Fiches_ImpArtDef2;InnoDB;db_17;4;0;;;;?
Fiches_ImpArtDef2;InnoDB;lg_17;4;0;;;;?
Fiches_ImpArtDef2;InnoDB;pos_17;4;0;;;;?
Fiches_ImpArtDef2;InnoDB;posorg_18;9;4;;utf8_unicode_ci;;?
Fiches_ImpArtDef2;InnoDB;col_18;9;50;;utf8_unicode_ci;;?
Fiches_ImpArtDef2;InnoDB;db_18;4;0;;;;?
Fiches_ImpArtDef2;InnoDB;lg_18;4;0;;;;?
Fiches_ImpArtDef2;InnoDB;pos_18;4;0;;;;?
Fiches_ImpArtDef2;InnoDB;posorg_19;9;4;;utf8_unicode_ci;;?
Fiches_ImpArtDef2;InnoDB;col_19;9;50;;utf8_unicode_ci;;?
Fiches_ImpArtDef2;InnoDB;db_19;4;0;;;;?
Fiches_ImpArtDef2;InnoDB;lg_19;4;0;;;;?
Fiches_ImpArtDef2;InnoDB;pos_19;4;0;;;;?
Fiches_ImpArtDef2;InnoDB;posorg_20;9;4;;utf8_unicode_ci;;?
Fiches_ImpArtDef2;InnoDB;col_20;9;50;;utf8_unicode_ci;;?
Fiches_ImpArtDef2;InnoDB;db_20;4;0;;;;?
Fiches_ImpArtDef2;InnoDB;lg_20;4;0;;;;?
Fiches_ImpArtDef2;InnoDB;pos_20;4;0;;;;?
Fiches_ImpArtDef2;InnoDB;posorg_21;9;4;;utf8_unicode_ci;;?
Fiches_ImpArtDef2;InnoDB;col_21;9;50;;utf8_unicode_ci;;?
Fiches_ImpArtDef2;InnoDB;db_21;4;0;;;;?
Fiches_ImpArtDef2;InnoDB;lg_21;4;0;;;;?
Fiches_ImpArtDef2;InnoDB;pos_21;4;0;;;;?
Fiches_ImpArtDef2;InnoDB;posorg_22;9;4;;utf8_unicode_ci;;?
Fiches_ImpArtDef2;InnoDB;col_22;9;50;;utf8_unicode_ci;;?
Fiches_ImpArtDef2;InnoDB;db_22;4;0;;;;?
Fiches_ImpArtDef2;InnoDB;lg_22;4;0;;;;?
Fiches_ImpArtDef2;InnoDB;pos_22;4;0;;;;?
Fiches_ImpArtDef2;InnoDB;posorg_23;9;4;;utf8_unicode_ci;;?
Fiches_ImpArtDef2;InnoDB;col_23;9;50;;utf8_unicode_ci;;?
Fiches_ImpArtDef2;InnoDB;db_23;4;0;;;;?
Fiches_ImpArtDef2;InnoDB;lg_23;4;0;;;;?
Fiches_ImpArtDef2;InnoDB;pos_23;4;0;;;;?
Fiches_ImpArtDef2;InnoDB;posorg_24;9;4;;utf8_unicode_ci;;?
Fiches_ImpArtDef2;InnoDB;col_24;9;50;;utf8_unicode_ci;;?
Fiches_ImpArtDef2;InnoDB;db_24;4;0;;;;?
Fiches_ImpArtDef2;InnoDB;lg_24;4;0;;;;?
Fiches_ImpArtDef2;InnoDB;pos_24;4;0;;;;?
Fiches_ImpArtDef2;InnoDB;posorg_25;9;4;;utf8_unicode_ci;;?
Fiches_ImpArtDef2;InnoDB;col_25;9;50;;utf8_unicode_ci;;?
Fiches_ImpArtDef2;InnoDB;db_25;4;0;;;;?
Fiches_ImpArtDef2;InnoDB;lg_25;4;0;;;;?
Fiches_ImpArtDef2;InnoDB;pos_25;4;0;;;;?
Fiches_ImpArtDef2;InnoDB;posorg_26;9;4;;utf8_unicode_ci;;?
Fiches_ImpArtDef2;InnoDB;col_26;9;50;;utf8_unicode_ci;;?
Fiches_ImpArtDef2;InnoDB;db_26;4;0;;;;?
Fiches_ImpArtDef2;InnoDB;lg_26;4;0;;;;?
Fiches_ImpArtDef2;InnoDB;pos_26;4;0;;;;?
Fiches_ImpArtDef2;InnoDB;posorg_27;9;4;;utf8_unicode_ci;;?
Fiches_ImpArtDef2;InnoDB;col_27;9;50;;utf8_unicode_ci;;?
Fiches_ImpArtDef2;InnoDB;db_27;4;0;;;;?
Fiches_ImpArtDef2;InnoDB;lg_27;4;0;;;;?
Fiches_ImpArtDef2;InnoDB;pos_27;4;0;;;;?
Fiches_ImpArtDef2;InnoDB;posorg_28;9;4;;utf8_unicode_ci;;?
Fiches_ImpArtDef2;InnoDB;col_28;9;50;;utf8_unicode_ci;;?
Fiches_ImpArtDef2;InnoDB;db_28;4;0;;;;?
Fiches_ImpArtDef2;InnoDB;lg_28;4;0;;;;?
Fiches_ImpArtDef2;InnoDB;pos_28;4;0;;;;?
Fiches_ImpArtDef2;InnoDB;posorg_29;9;4;;utf8_unicode_ci;;?
Fiches_ImpArtDef2;InnoDB;col_29;9;50;;utf8_unicode_ci;;?
Fiches_ImpArtDef2;InnoDB;db_29;4;0;;;;?
Fiches_ImpArtDef2;InnoDB;lg_29;4;0;;;;?
Fiches_ImpArtDef2;InnoDB;pos_29;4;0;;;;?
Fiches_ImpArtDef2;InnoDB;posorg_30;9;4;;utf8_unicode_ci;;?
Fiches_ImpArtDef2;InnoDB;col_30;9;50;;utf8_unicode_ci;;?
Fiches_ImpArtDef2;InnoDB;db_30;4;0;;;;?
Fiches_ImpArtDef2;InnoDB;lg_30;4;0;;;;?
Fiches_ImpArtDef2;InnoDB;pos_30;4;0;;;;?
Fiches_ImpArtDef2;InnoDB;posorg_31;9;4;;utf8_unicode_ci;;?
Fiches_ImpArtDef2;InnoDB;col_31;9;50;;utf8_unicode_ci;;?
Fiches_ImpArtDef2;InnoDB;db_31;4;0;;;;?
Fiches_ImpArtDef2;InnoDB;lg_31;4;0;;;;?
Fiches_ImpArtDef2;InnoDB;pos_31;4;0;;;;?
Fiches_ImpArtDef2;InnoDB;posorg_32;9;4;;utf8_unicode_ci;;?
Fiches_ImpArtDef2;InnoDB;col_32;9;50;;utf8_unicode_ci;;?
Fiches_ImpArtDef2;InnoDB;db_32;4;0;;;;?
Fiches_ImpArtDef2;InnoDB;lg_32;4;0;;;;?
Fiches_ImpArtDef2;InnoDB;pos_32;4;0;;;;?
Fiches_Journaux;InnoDB;code_jo;9;2;;utf8_unicode_ci;*;?
Fiches_Journaux;InnoDB;libelle_jo;9;30;;utf8_unicode_ci;;?
Fiches_Journaux;InnoDB;type_jo;9;2;;utf8_unicode_ci;;?
Fiches_Journaux;InnoDB;cde_banque;9;8;;utf8_unicode_ci;;?
Fiches_Lcr;InnoDB;lind;-1;0;;;*;?
Fiches_Lcr;InnoDB;code;9;8;;utf8_unicode_ci;;?
Fiches_Lcr;InnoDB;nom;9;35;;utf8_unicode_ci;;?
Fiches_Lcr;InnoDB;montant;9;12;;utf8_unicode_ci;;?
Fiches_Lcr;InnoDB;date;8;0;;;;?
Fiches_Lcr;InnoDB;datech;8;0;;;;?
Fiches_Lcr;InnoDB;numfac;9;12;;utf8_unicode_ci;;?
Fiches_Lcr;InnoDB;acceptee;4;0;;;;?
Fiches_Lcr;InnoDB;ecartee;4;0;;;;?
Fiches_Lcr;InnoDB;banque;9;35;;utf8_unicode_ci;;?
Fiches_Lcr;InnoDB;codeentree;4;0;;;;?
Fiches_Lcr;InnoDB;bordereau;9;35;;utf8_unicode_ci;;?
Fiches_LibelAvoirs;InnoDB;lInd;-1;0;;;*;?
Fiches_LibelAvoirs;InnoDB;libelav;9;250;;utf8_unicode_ci;;?
Fiches_LibelFac;InnoDB;mind;-1;0;;;*;?
Fiches_LibelFac;InnoDB;txtfac;9;250;;utf8_unicode_ci;;?
Fiches_LibelTicket;InnoDB;lInd;-1;0;;;*;?
Fiches_LibelTicket;InnoDB;libeltk;9;250;;utf8_unicode_ci;;?
Fiches_Libelles;InnoDB;num;9;2;;utf8_unicode_ci;*;?
Fiches_Libelles;InnoDB;intitule;9;30;;utf8_unicode_ci;;?
Fiches_LigTicketz;InnoDB;lInd;-1;0;;;*;?
Fiches_LigTicketz;InnoDB;numero;9;7;;utf8_unicode_ci;;?
Fiches_LigTicketz;InnoDB;numlig;9;3;;utf8_unicode_ci;;?
Fiches_LigTicketz;InnoDB;code;9;15;;utf8_unicode_ci;;?
Fiches_LigTicketz;InnoDB;intitule;9;50;;utf8_unicode_ci;;?
Fiches_LigTicketz;InnoDB;montant;9;12;;utf8_unicode_ci;;?
Fiches_LigTicketz;InnoDB;qte;9;12;;utf8_unicode_ci;;?
Fiches_LigTicketz;InnoDB;type;9;2;;utf8_unicode_ci;;?
Fiches_LigTicketz;InnoDB;fam;9;20;;utf8_unicode_ci;;?
Fiches_LigTicketz;InnoDB;mht;9;12;;utf8_unicode_ci;;?
Fiches_LigTicketz;InnoDB;mrem;9;12;;utf8_unicode_ci;;?
Fiches_LigTicketz;InnoDB;mtva;9;12;;utf8_unicode_ci;;?
Fiches_LigTicketz;InnoDB;block;9;4;;utf8_unicode_ci;;?
Fiches_LigTicketz;InnoDB;tva;9;12;;utf8_unicode_ci;;?
Fiches_LigTicketz;InnoDB;date;8;0;;;;?
Fiches_Ligabon;InnoDB;numero;9;15;;utf8_unicode_ci;;?
Fiches_Ligabon;InnoDB;compte;9;10;;utf8_unicode_ci;;?
Fiches_Ligabon;InnoDB;intitule;9;40;;utf8_unicode_ci;;?
Fiches_Ligabon;InnoDB;debit;9;10;;utf8_unicode_ci;;?
Fiches_Ligabon;InnoDB;credit;9;10;;utf8_unicode_ci;;?
Fiches_Ligabon;InnoDB;lig;4;0;;;;?
Fiches_Ligabon;InnoDB;lind;-1;0;;;*;?
Fiches_Ligabon;InnoDB;libelle;9;50;;utf8_unicode_ci;;?
Fiches_Ligabon;InnoDB;numDoc;9;10;;utf8_unicode_ci;;?
Fiches_Ligabon;InnoDB;numLot;9;10;;utf8_unicode_ci;;?
Fiches_Ligbl;InnoDB;num_ligbl;9;6;;utf8_unicode_ci;*;?
Fiches_Ligbl;InnoDB;numlig_ligbl;9;6;;utf8_unicode_ci;*;?
Fiches_Ligbl;InnoDB;code_ligbl;9;15;;utf8_unicode_ci;;?
Fiches_Ligbl;InnoDB;libel_ligbl;9;50;;utf8_unicode_ci;;?
Fiches_Ligbl;InnoDB;fam_ligbl;9;20;;utf8_unicode_ci;;?
Fiches_Ligbl;InnoDB;pu_ligbl;9;10;;utf8_unicode_ci;;?
Fiches_Ligbl;InnoDB;dec_ligbl;9;1;;utf8_unicode_ci;;?
Fiches_Ligbl;InnoDB;qte_ligbl;9;6;;utf8_unicode_ci;;?
Fiches_Ligbl;InnoDB;brut_ligbl;9;10;;utf8_unicode_ci;;?
Fiches_Ligbl;InnoDB;rem_ligbl;9;6;;utf8_unicode_ci;;?
Fiches_Ligbl;InnoDB;netht_ligbl;9;10;;utf8_unicode_ci;;?
Fiches_Ligbl;InnoDB;tx_ligbl;9;2;;utf8_unicode_ci;;?
Fiches_Ligbl;InnoDB;nettc_ligbl;9;10;;utf8_unicode_ci;;?
Fiches_Ligbl;InnoDB;typel_ligbl;9;1;;utf8_unicode_ci;;?
Fiches_Ligbl;InnoDB;tm_ligbl;9;1;;utf8_unicode_ci;;?
Fiches_Ligbl;InnoDB;com_ligbl;9;0;;utf8_unicode_ci;;?
Fiches_Ligbl;InnoDB;block_ligbl;9;30;;utf8_unicode_ci;;?
Fiches_Ligbl;InnoDB;pdstotal_ligbl;7;0;;;;?
Fiches_Ligbl;InnoDB;mrgart_ligbl;7;0;;;;?
Fiches_Ligbl;InnoDB;mrgmo_ligbl;7;0;;;;?
Fiches_Ligbl;InnoDB;mtx_ligfac;9;5;;utf8_unicode_ci;;?
Fiches_Ligbl;InnoDB;four_ligbl;9;8;;utf8_unicode_ci;;?
Fiches_Ligbl;InnoDB;refl_ligbl;9;40;;utf8_unicode_ci;;?
Fiches_Ligbl;InnoDB;tour_ligbl;9;15;;utf8_unicode_ci;;?
Fiches_Ligbl;InnoDB;dte_ligbl;8;0;;;;?
Fiches_LigblM;InnoDB;num_ligbl;9;6;;utf8_unicode_ci;*;?
Fiches_LigblM;InnoDB;numlig_ligbl;9;6;;utf8_unicode_ci;*;?
Fiches_LigblM;InnoDB;code_ligbl;9;15;;utf8_unicode_ci;;?
Fiches_LigblM;InnoDB;libel_ligbl;9;50;;utf8_unicode_ci;;?
Fiches_LigblM;InnoDB;fam_ligbl;9;20;;utf8_unicode_ci;;?
Fiches_LigblM;InnoDB;pu_ligbl;9;12;;utf8_unicode_ci;;?
Fiches_LigblM;InnoDB;dec_ligbl;9;1;;utf8_unicode_ci;;?
Fiches_LigblM;InnoDB;qte_ligbl;9;6;;utf8_unicode_ci;;?
Fiches_LigblM;InnoDB;brut_ligbl;9;12;;utf8_unicode_ci;;?
Fiches_LigblM;InnoDB;rem_ligbl;9;6;;utf8_unicode_ci;;?
Fiches_LigblM;InnoDB;netht_ligbl;9;12;;utf8_unicode_ci;;?
Fiches_LigblM;InnoDB;tx_ligbl;9;2;;utf8_unicode_ci;;?
Fiches_LigblM;InnoDB;nettc_ligbl;9;12;;utf8_unicode_ci;;?
Fiches_LigblM;InnoDB;typel_ligbl;9;1;;utf8_unicode_ci;;?
Fiches_LigblM;InnoDB;tm_ligbl;9;1;;utf8_unicode_ci;;?
Fiches_LigblM;InnoDB;com_ligbl;9;0;;utf8_unicode_ci;;?
Fiches_LigblM;InnoDB;block_ligbl;9;30;;utf8_unicode_ci;;?
Fiches_LigblM;InnoDB;pdstotal_ligbl;7;0;;;;?
Fiches_LigblM;InnoDB;mrgart_ligbl;7;0;;;;?
Fiches_LigblM;InnoDB;mrgmo_ligbl;7;0;;;;?
Fiches_LigblM;InnoDB;mtx_ligfac;9;5;;utf8_unicode_ci;;?
Fiches_LigblM;InnoDB;four_ligbl;9;8;;utf8_unicode_ci;;?
Fiches_LigblM;InnoDB;refl_ligbl;9;40;;utf8_unicode_ci;;?
Fiches_LigblM;InnoDB;tour_ligbl;9;15;;utf8_unicode_ci;;?
Fiches_LigblM;InnoDB;dte_ligbl;8;0;;;;?
Fiches_Ligcom;InnoDB;code;9;25;;utf8_unicode_ci;;?
Fiches_Ligcom;InnoDB;design;9;50;;utf8_unicode_ci;;?
Fiches_Ligcom;InnoDB;numcom;9;15;;utf8_unicode_ci;;?
Fiches_Ligcom;InnoDB;four;9;8;;utf8_unicode_ci;;?
Fiches_Ligcom;InnoDB;qte;9;6;;utf8_unicode_ci;;?
Fiches_Ligcom;InnoDB;pbht;9;10;;utf8_unicode_ci;;?
Fiches_Ligcom;InnoDB;rm;9;6;;utf8_unicode_ci;;?
Fiches_Ligcom;InnoDB;paht;9;10;;utf8_unicode_ci;;?
Fiches_Ligcom;InnoDB;datecom;8;0;;;;?
Fiches_Ligcom;InnoDB;lind;-1;0;;;*;?
Fiches_Ligcom;InnoDB;frais;9;12;;utf8_unicode_ci;;?
Fiches_Ligcom;InnoDB;prvt;9;12;;utf8_unicode_ci;;?
Fiches_Ligcom;InnoDB;nligne;9;4;;utf8_unicode_ci;;?
Fiches_Ligcom;InnoDB;coda;9;15;;utf8_unicode_ci;;?
Fiches_Ligcom;InnoDB;pattc;9;12;;utf8_unicode_ci;;?
Fiches_Ligrecpt;InnoDB;code;9;25;;utf8_unicode_ci;*;?
Fiches_Ligrecpt;InnoDB;design;9;50;;utf8_unicode_ci;;?
Fiches_Ligrecpt;InnoDB;numrecpt;9;15;;utf8_unicode_ci;*;?
Fiches_Ligrecpt;InnoDB;four;9;8;;utf8_unicode_ci;*;?
Fiches_Ligrecpt;InnoDB;daterecpt;8;0;;;*;?
Fiches_Ligrecpt;InnoDB;qte;9;6;;utf8_unicode_ci;;?
Fiches_Ligrecpt;InnoDB;pbht;9;12;;utf8_unicode_ci;;?
Fiches_Ligrecpt;InnoDB;rm;9;6;;utf8_unicode_ci;;?
Fiches_Ligrecpt;InnoDB;paht;9;12;;utf8_unicode_ci;;?
Fiches_Ligrecpt;InnoDB;frais;9;12;;utf8_unicode_ci;;?
Fiches_Ligrecpt;InnoDB;prvt;9;12;;utf8_unicode_ci;;?
Fiches_Ligrecpt;InnoDB;nligne;9;4;;utf8_unicode_ci;*;?
Fiches_Ligrecpt;InnoDB;pattc;9;12;;utf8_unicode_ci;;?
Fiches_Marques;InnoDB;lind;-1;0;;;*;?
Fiches_Marques;InnoDB;code;9;5;;utf8_unicode_ci;;?
Fiches_Marques;InnoDB;intitule;9;20;;utf8_unicode_ci;;?
Fiches_Materiels;InnoDB;mat_serie;9;30;;utf8_unicode_ci;*;?
Fiches_Materiels;InnoDB;mat_code;9;15;;utf8_unicode_ci;*;?
Fiches_Materiels;InnoDB;mat_design;9;50;;utf8_unicode_ci;;?
Fiches_Materiels;InnoDB;mat_design2;9;50;;utf8_unicode_ci;;?
Fiches_Materiels;InnoDB;mat_fam;9;20;;utf8_unicode_ci;;?
Fiches_Materiels;InnoDB;mat_four;9;8;;utf8_unicode_ci;;?
Fiches_Materiels;InnoDB;mat_cequ;9;15;;utf8_unicode_ci;;?
Fiches_Materiels;InnoDB;mat_cbarre;9;15;;utf8_unicode_ci;;?
Fiches_Materiels;InnoDB;mat_cfour;9;25;;utf8_unicode_ci;;?
Fiches_Materiels;InnoDB;mat_paht;7;0;;;;?
Fiches_Materiels;InnoDB;mat_frais;7;0;;;;?
Fiches_Materiels;InnoDB;mat_prvt;7;0;;;;?
Fiches_Materiels;InnoDB;mat_coef;7;0;;;;?
Fiches_Materiels;InnoDB;mat_pvht;7;0;;;;?
Fiches_Materiels;InnoDB;mat_tva;7;0;;;;?
Fiches_Materiels;InnoDB;mat_pvttc;7;0;;;;?
Fiches_Materiels;InnoDB;mat_cdarr;9;4;;utf8_unicode_ci;;?
Fiches_Materiels;InnoDB;mat_pvar;7;0;;;;?
Fiches_Materiels;InnoDB;mat_dec;9;1;;utf8_unicode_ci;;?
Fiches_Materiels;InnoDB;mat_nbd;9;1;;utf8_unicode_ci;;?
Fiches_Materiels;InnoDB;mat_qte;9;1;;utf8_unicode_ci;;?
Fiches_Materiels;InnoDB;mat_dpa;7;0;;;;?
Fiches_Materiels;InnoDB;mat_dfour;9;8;;utf8_unicode_ci;;?
Fiches_Materiels;InnoDB;mat_pmp;7;0;;;;?
Fiches_Materiels;InnoDB;mat_ddate;9;10;;utf8_unicode_ci;;?
Fiches_Materiels;InnoDB;mat_com;7;0;;;;?
Fiches_Materiels;InnoDB;mat_ect;4;0;;;;?
Fiches_Materiels;InnoDB;mat_eco;7;0;;;;?
Fiches_Materiels;InnoDB;mat_poids;7;0;;;;?
Fiches_Materiels;InnoDB;mat_poids2;7;0;;;;?
Fiches_Materiels;InnoDB;mat_photo;9;20;;utf8_unicode_ci;;?
Fiches_Materiels;InnoDB;mat_crst;9;0;;utf8_unicode_ci;;?
Fiches_Materiels;InnoDB;mat_vendu;4;0;;;;?
Fiches_Materiels;InnoDB;mat_rcpt;9;15;;utf8_unicode_ci;;?
Fiches_Materiels;InnoDB;mat_bl;9;15;;utf8_unicode_ci;;?
Fiches_Materiels;InnoDB;mat_marque;9;20;;utf8_unicode_ci;;?
Fiches_Materiels;InnoDB;mat_type;9;20;;utf8_unicode_ci;;?
Fiches_Materiels;InnoDB;mat_cli;9;8;;utf8_unicode_ci;;?
Fiches_Materiels;InnoDB;mat_matdiv;4;0;;;;?
Fiches_Materiels;InnoDB;mat_dtevte;8;0;;;;?
Fiches_Materiels;InnoDB;mat_dateg1;8;0;;;;?
Fiches_Materiels;InnoDB;mat_dateg2;8;0;;;;?
Fiches_Materiels;InnoDB;mat_chkgarantie;1;0;;;;?
Fiches_Mats;InnoDB;mat_serie;9;30;;utf8_unicode_ci;*;?
Fiches_Mats;InnoDB;mat_code;9;15;;utf8_unicode_ci;*;?
Fiches_Mats;InnoDB;mat_design;9;50;;utf8_unicode_ci;;?
Fiches_Mats;InnoDB;mat_design2;9;50;;utf8_unicode_ci;;?
Fiches_Mats;InnoDB;mat_fam;9;5;;utf8_unicode_ci;;?
Fiches_Mats;InnoDB;mat_four;9;8;;utf8_unicode_ci;;?
Fiches_Mats;InnoDB;mat_cequ;9;15;;utf8_unicode_ci;;?
Fiches_Mats;InnoDB;mat_cbarre;9;15;;utf8_unicode_ci;;?
Fiches_Mats;InnoDB;mat_cfour;9;25;;utf8_unicode_ci;;?
Fiches_Mats;InnoDB;mat_paht;7;0;;;;?
Fiches_Mats;InnoDB;mat_frais;7;0;;;;?
Fiches_Mats;InnoDB;mat_prvt;7;0;;;;?
Fiches_Mats;InnoDB;mat_coef;7;0;;;;?
Fiches_Mats;InnoDB;mat_pvht;7;0;;;;?
Fiches_Mats;InnoDB;mat_tva;7;0;;;;?
Fiches_Mats;InnoDB;mat_pvttc;7;0;;;;?
Fiches_Mats;InnoDB;mat_cdarr;9;4;;utf8_unicode_ci;;?
Fiches_Mats;InnoDB;mat_pvar;7;0;;;;?
Fiches_Mats;InnoDB;mat_dec;9;1;;utf8_unicode_ci;;?
Fiches_Mats;InnoDB;mat_nbd;9;1;;utf8_unicode_ci;;?
Fiches_Mats;InnoDB;mat_qte;9;1;;utf8_unicode_ci;;?
Fiches_Mats;InnoDB;mat_dpa;7;0;;;;?
Fiches_Mats;InnoDB;mat_dfour;9;8;;utf8_unicode_ci;;?
Fiches_Mats;InnoDB;mat_pmp;7;0;;;;?
Fiches_Mats;InnoDB;mat_ddate;9;10;;utf8_unicode_ci;;?
Fiches_Mats;InnoDB;mat_com;7;0;;;;?
Fiches_Mats;InnoDB;mat_ect;4;0;;;;?
Fiches_Mats;InnoDB;mat_eco;7;0;;;;?
Fiches_Mats;InnoDB;mat_poids;7;0;;;;?
Fiches_Mats;InnoDB;mat_poids2;7;0;;;;?
Fiches_Mats;InnoDB;mat_photo;9;20;;utf8_unicode_ci;;?
Fiches_Mats;InnoDB;mat_crst;9;0;;utf8_unicode_ci;;?
Fiches_Mats;InnoDB;mat_rcpt;9;15;;utf8_unicode_ci;;?
Fiches_Mo;InnoDB;mo_code;9;15;;utf8_unicode_ci;*;?
Fiches_Mo;InnoDB;mo_design;9;50;;utf8_unicode_ci;;?
Fiches_Mo;InnoDB;mo_fam;9;20;;utf8_unicode_ci;;?
Fiches_Mo;InnoDB;mo_four;4;0;;;;?
Fiches_Mo;InnoDB;mo_txcd;9;2;;utf8_unicode_ci;;?
Fiches_Mo;InnoDB;mo_txht;7;0;;;;?
Fiches_Mo;InnoDB;mo_tva;9;2;;utf8_unicode_ci;;?
Fiches_Mo;InnoDB;mo_tempmont;9;1;;utf8_unicode_ci;;?
Fiches_Mo;InnoDB;mo_montant;7;0;;;;?
Fiches_Mo;InnoDB;mo_valeurht;7;0;;;;?
Fiches_Mo;InnoDB;mo_cdarr;9;4;;utf8_unicode_ci;;?
Fiches_Mo;InnoDB;mo_valeurttc;7;0;;;;?
Fiches_Mo;InnoDB;mo_prvt;7;0;;;;?
Fiches_Mo;InnoDB;mo_marge;7;0;;;;?
Fiches_Mo;InnoDB;mo_impcar;1;0;;;;?
Fiches_Mo;InnoDB;mo_crst;9;0;;utf8_unicode_ci;;?
Fiches_Mvt;InnoDB;jour;9;2;;utf8_unicode_ci;;?
Fiches_Mvt;InnoDB;numero;4;0;;;;?
Fiches_Mvt;InnoDB;numerodef;4;0;;;;?
Fiches_Mvt;InnoDB;compte;9;8;;utf8_unicode_ci;;?
Fiches_Mvt;InnoDB;collectif;1;0;;;;?
Fiches_Mvt;InnoDB;intitule;9;40;;utf8_unicode_ci;;?
Fiches_Mvt;InnoDB;dte;8;0;;;;?
Fiches_Mvt;InnoDB;datee;8;0;;;;?
Fiches_Mvt;InnoDB;dateech;8;0;;;;?
Fiches_Mvt;InnoDB;numcol;9;3;;utf8_unicode_ci;;?
Fiches_Mvt;InnoDB;numdoc;9;10;;utf8_unicode_ci;;?
Fiches_Mvt;InnoDB;numlot;9;10;;utf8_unicode_ci;;?
Fiches_Mvt;InnoDB;libelle;9;50;;utf8_unicode_ci;;?
Fiches_Mvt;InnoDB;montantd;7;0;;;;?
Fiches_Mvt;InnoDB;montantc;7;0;;;;?
Fiches_Mvt;InnoDB;validee;1;0;;;;?
Fiches_Mvt;InnoDB;provisoire;1;0;;;;?
Fiches_Mvt;InnoDB;tresorerie;1;0;;;;?
Fiches_Mvt;InnoDB;pointee;1;0;;;;?
Fiches_Mvt;InnoDB;nrlv;4;0;;;;?
Fiches_Mvt;InnoDB;lettree;1;0;;;;?
Fiches_Mvt;InnoDB;cloturee;1;0;;;;?
Fiches_Mvt;InnoDB;relance;4;0;;;;?
Fiches_Mvt;InnoDB;lind;-1;0;;;*;?
Fiches_Mvt;InnoDB;dteval;8;0;;;;?
Fiches_Mvt;InnoDB;export;9;1;;utf8_unicode_ci;;?
Fiches_Mvt;InnoDB;control;9;40;;utf8_unicode_ci;;?
Fiches_Mvt;InnoDB;supprimee;1;0;;;;?
Fiches_Mvt1;InnoDB;jour;9;2;;utf8_unicode_ci;;?
Fiches_Mvt1;InnoDB;numero;4;0;;;;?
Fiches_Mvt1;InnoDB;numerodef;4;0;;;;?
Fiches_Mvt1;InnoDB;compte;9;8;;utf8_unicode_ci;;?
Fiches_Mvt1;InnoDB;collectif;1;0;;;;?
Fiches_Mvt1;InnoDB;intitule;9;40;;utf8_unicode_ci;;?
Fiches_Mvt1;InnoDB;dte;8;0;;;;?
Fiches_Mvt1;InnoDB;datee;8;0;;;;?
Fiches_Mvt1;InnoDB;dateech;8;0;;;;?
Fiches_Mvt1;InnoDB;numcol;9;3;;utf8_unicode_ci;;?
Fiches_Mvt1;InnoDB;numdoc;9;10;;utf8_unicode_ci;;?
Fiches_Mvt1;InnoDB;numlot;9;10;;utf8_unicode_ci;;?
Fiches_Mvt1;InnoDB;libelle;9;50;;utf8_unicode_ci;;?
Fiches_Mvt1;InnoDB;montantd;7;0;;;;?
Fiches_Mvt1;InnoDB;montantc;7;0;;;;?
Fiches_Mvt1;InnoDB;validee;1;0;;;;?
Fiches_Mvt1;InnoDB;provisoire;1;0;;;;?
Fiches_Mvt1;InnoDB;tresorerie;1;0;;;;?
Fiches_Mvt1;InnoDB;pointee;1;0;;;;?
Fiches_Mvt1;InnoDB;nrlv;4;0;;;;?
Fiches_Mvt1;InnoDB;lettree;1;0;;;;?
Fiches_Mvt1;InnoDB;cloturee;1;0;;;;?
Fiches_Mvt1;InnoDB;relance;4;0;;;;?
Fiches_Mvt1;InnoDB;lind;-1;0;;;*;?
Fiches_Mvt1;InnoDB;dteval;8;0;;;;?
Fiches_Mvt1;InnoDB;export;9;1;;utf8_unicode_ci;;?
Fiches_Mvt1;InnoDB;control;9;40;;utf8_unicode_ci;;?
Fiches_Mvt1;InnoDB;supprimee;1;0;;;;?
Fiches_Mvt2;InnoDB;jour;9;2;;utf8_unicode_ci;;?
Fiches_Mvt2;InnoDB;numero;4;0;;;;?
Fiches_Mvt2;InnoDB;numerodef;4;0;;;;?
Fiches_Mvt2;InnoDB;compte;9;8;;utf8_unicode_ci;;?
Fiches_Mvt2;InnoDB;collectif;1;0;;;;?
Fiches_Mvt2;InnoDB;intitule;9;40;;utf8_unicode_ci;;?
Fiches_Mvt2;InnoDB;dte;8;0;;;;?
Fiches_Mvt2;InnoDB;datee;8;0;;;;?
Fiches_Mvt2;InnoDB;dateech;8;0;;;;?
Fiches_Mvt2;InnoDB;numcol;9;3;;utf8_unicode_ci;;?
Fiches_Mvt2;InnoDB;numdoc;9;10;;utf8_unicode_ci;;?
Fiches_Mvt2;InnoDB;numlot;9;10;;utf8_unicode_ci;;?
Fiches_Mvt2;InnoDB;libelle;9;50;;utf8_unicode_ci;;?
Fiches_Mvt2;InnoDB;montantd;7;0;;;;?
Fiches_Mvt2;InnoDB;montantc;7;0;;;;?
Fiches_Mvt2;InnoDB;validee;1;0;;;;?
Fiches_Mvt2;InnoDB;provisoire;1;0;;;;?
Fiches_Mvt2;InnoDB;tresorerie;1;0;;;;?
Fiches_Mvt2;InnoDB;pointee;1;0;;;;?
Fiches_Mvt2;InnoDB;nrlv;4;0;;;;?
Fiches_Mvt2;InnoDB;lettree;1;0;;;;?
Fiches_Mvt2;InnoDB;cloturee;1;0;;;;?
Fiches_Mvt2;InnoDB;relance;4;0;;;;?
Fiches_Mvt2;InnoDB;lind;-1;0;;;*;?
Fiches_Mvt2;InnoDB;dteval;8;0;;;;?
Fiches_Mvt2;InnoDB;export;9;1;;utf8_unicode_ci;;?
Fiches_Mvt2;InnoDB;control;9;40;;utf8_unicode_ci;;?
Fiches_Mvt2;InnoDB;supprimee;1;0;;;;?
Fiches_Mvt3;InnoDB;jour;9;2;;utf8_unicode_ci;;?
Fiches_Mvt3;InnoDB;numero;4;0;;;;?
Fiches_Mvt3;InnoDB;numerodef;4;0;;;;?
Fiches_Mvt3;InnoDB;compte;9;8;;utf8_unicode_ci;;?
Fiches_Mvt3;InnoDB;collectif;1;0;;;;?
Fiches_Mvt3;InnoDB;intitule;9;40;;utf8_unicode_ci;;?
Fiches_Mvt3;InnoDB;dte;8;0;;;;?
Fiches_Mvt3;InnoDB;datee;8;0;;;;?
Fiches_Mvt3;InnoDB;dateech;8;0;;;;?
Fiches_Mvt3;InnoDB;numcol;9;3;;utf8_unicode_ci;;?
Fiches_Mvt3;InnoDB;numdoc;9;10;;utf8_unicode_ci;;?
Fiches_Mvt3;InnoDB;numlot;9;10;;utf8_unicode_ci;;?
Fiches_Mvt3;InnoDB;libelle;9;50;;utf8_unicode_ci;;?
Fiches_Mvt3;InnoDB;montantd;7;0;;;;?
Fiches_Mvt3;InnoDB;montantc;7;0;;;;?
Fiches_Mvt3;InnoDB;validee;1;0;;;;?
Fiches_Mvt3;InnoDB;provisoire;1;0;;;;?
Fiches_Mvt3;InnoDB;tresorerie;1;0;;;;?
Fiches_Mvt3;InnoDB;pointee;1;0;;;;?
Fiches_Mvt3;InnoDB;nrlv;4;0;;;;?
Fiches_Mvt3;InnoDB;lettree;1;0;;;;?
Fiches_Mvt3;InnoDB;cloturee;1;0;;;;?
Fiches_Mvt3;InnoDB;relance;4;0;;;;?
Fiches_Mvt3;InnoDB;lind;-1;0;;;*;?
Fiches_Mvt3;InnoDB;dteval;8;0;;;;?
Fiches_Mvt3;InnoDB;export;9;1;;utf8_unicode_ci;;?
Fiches_Mvt3;InnoDB;control;9;40;;utf8_unicode_ci;;?
Fiches_Mvt3;InnoDB;supprimee;1;0;;;;?
Fiches_Mvt4;InnoDB;jour;9;2;;utf8_unicode_ci;;?
Fiches_Mvt4;InnoDB;numero;4;0;;;;?
Fiches_Mvt4;InnoDB;numerodef;4;0;;;;?
Fiches_Mvt4;InnoDB;compte;9;8;;utf8_unicode_ci;;?
Fiches_Mvt4;InnoDB;collectif;1;0;;;;?
Fiches_Mvt4;InnoDB;intitule;9;40;;utf8_unicode_ci;;?
Fiches_Mvt4;InnoDB;dte;8;0;;;;?
Fiches_Mvt4;InnoDB;datee;8;0;;;;?
Fiches_Mvt4;InnoDB;dateech;8;0;;;;?
Fiches_Mvt4;InnoDB;numcol;9;3;;utf8_unicode_ci;;?
Fiches_Mvt4;InnoDB;numdoc;9;10;;utf8_unicode_ci;;?
Fiches_Mvt4;InnoDB;numlot;9;10;;utf8_unicode_ci;;?
Fiches_Mvt4;InnoDB;libelle;9;50;;utf8_unicode_ci;;?
Fiches_Mvt4;InnoDB;montantd;7;0;;;;?
Fiches_Mvt4;InnoDB;montantc;7;0;;;;?
Fiches_Mvt4;InnoDB;validee;1;0;;;;?
Fiches_Mvt4;InnoDB;provisoire;1;0;;;;?
Fiches_Mvt4;InnoDB;tresorerie;1;0;;;;?
Fiches_Mvt4;InnoDB;pointee;1;0;;;;?
Fiches_Mvt4;InnoDB;nrlv;4;0;;;;?
Fiches_Mvt4;InnoDB;lettree;1;0;;;;?
Fiches_Mvt4;InnoDB;cloturee;1;0;;;;?
Fiches_Mvt4;InnoDB;relance;4;0;;;;?
Fiches_Mvt4;InnoDB;lind;-1;0;;;*;?
Fiches_Mvt4;InnoDB;dteval;8;0;;;;?
Fiches_Mvt4;InnoDB;export;9;1;;utf8_unicode_ci;;?
Fiches_Mvt4;InnoDB;control;9;40;;utf8_unicode_ci;;?
Fiches_Mvt4;InnoDB;supprimee;1;0;;;;?
Fiches_Mvt5;InnoDB;jour;9;2;;utf8_unicode_ci;;?
Fiches_Mvt5;InnoDB;numero;4;0;;;;?
Fiches_Mvt5;InnoDB;numerodef;4;0;;;;?
Fiches_Mvt5;InnoDB;compte;9;8;;utf8_unicode_ci;;?
Fiches_Mvt5;InnoDB;collectif;1;0;;;;?
Fiches_Mvt5;InnoDB;intitule;9;40;;utf8_unicode_ci;;?
Fiches_Mvt5;InnoDB;dte;8;0;;;;?
Fiches_Mvt5;InnoDB;datee;8;0;;;;?
Fiches_Mvt5;InnoDB;dateech;8;0;;;;?
Fiches_Mvt5;InnoDB;numcol;9;3;;utf8_unicode_ci;;?
Fiches_Mvt5;InnoDB;numdoc;9;10;;utf8_unicode_ci;;?
Fiches_Mvt5;InnoDB;numlot;9;10;;utf8_unicode_ci;;?
Fiches_Mvt5;InnoDB;libelle;9;50;;utf8_unicode_ci;;?
Fiches_Mvt5;InnoDB;montantd;7;0;;;;?
Fiches_Mvt5;InnoDB;montantc;7;0;;;;?
Fiches_Mvt5;InnoDB;validee;1;0;;;;?
Fiches_Mvt5;InnoDB;provisoire;1;0;;;;?
Fiches_Mvt5;InnoDB;tresorerie;1;0;;;;?
Fiches_Mvt5;InnoDB;pointee;1;0;;;;?
Fiches_Mvt5;InnoDB;nrlv;4;0;;;;?
Fiches_Mvt5;InnoDB;lettree;1;0;;;;?
Fiches_Mvt5;InnoDB;cloturee;1;0;;;;?
Fiches_Mvt5;InnoDB;relance;4;0;;;;?
Fiches_Mvt5;InnoDB;lind;-1;0;;;*;?
Fiches_Mvt5;InnoDB;dteval;8;0;;;;?
Fiches_Mvt5;InnoDB;export;9;1;;utf8_unicode_ci;;?
Fiches_Mvt5;InnoDB;control;9;40;;utf8_unicode_ci;;?
Fiches_Mvt5;InnoDB;supprimee;1;0;;;;?
Fiches_MvtA;InnoDB;numero;4;0;;;;?
Fiches_MvtA;InnoDB;compte;9;8;;utf8_unicode_ci;;?
Fiches_MvtA;InnoDB;intitule;9;40;;utf8_unicode_ci;;?
Fiches_MvtA;InnoDB;dte;8;0;;;;?
Fiches_MvtA;InnoDB;numdoc;9;10;;utf8_unicode_ci;;?
Fiches_MvtA;InnoDB;libelle;9;50;;utf8_unicode_ci;;?
Fiches_MvtA;InnoDB;pourcent;9;5;;utf8_unicode_ci;;?
Fiches_MvtA;InnoDB;montantd;7;0;;;;?
Fiches_MvtA;InnoDB;montantc;7;0;;;;?
Fiches_MvtA;InnoDB;jour;9;2;;utf8_unicode_ci;;?
Fiches_MvtA;InnoDB;poste;9;3;;utf8_unicode_ci;;?
Fiches_MvtA;InnoDB;validee;1;0;;;;?
Fiches_MvtA;InnoDB;lind;-1;0;;;*;?
Fiches_MvtA1;InnoDB;numero;4;0;;;;?
Fiches_MvtA1;InnoDB;compte;9;8;;utf8_unicode_ci;;?
Fiches_MvtA1;InnoDB;intitule;9;40;;utf8_unicode_ci;;?
Fiches_MvtA1;InnoDB;dte;8;0;;;;?
Fiches_MvtA1;InnoDB;numdoc;9;10;;utf8_unicode_ci;;?
Fiches_MvtA1;InnoDB;libelle;9;50;;utf8_unicode_ci;;?
Fiches_MvtA1;InnoDB;pourcent;9;5;;utf8_unicode_ci;;?
Fiches_MvtA1;InnoDB;montantd;7;0;;;;?
Fiches_MvtA1;InnoDB;montantc;7;0;;;;?
Fiches_MvtA1;InnoDB;jour;9;2;;utf8_unicode_ci;;?
Fiches_MvtA1;InnoDB;poste;9;3;;utf8_unicode_ci;;?
Fiches_MvtA1;InnoDB;validee;1;0;;;;?
Fiches_MvtA1;InnoDB;lind;-1;0;;;*;?
Fiches_MvtA2;InnoDB;numero;4;0;;;;?
Fiches_MvtA2;InnoDB;compte;9;8;;utf8_unicode_ci;;?
Fiches_MvtA2;InnoDB;intitule;9;40;;utf8_unicode_ci;;?
Fiches_MvtA2;InnoDB;dte;8;0;;;;?
Fiches_MvtA2;InnoDB;numdoc;9;10;;utf8_unicode_ci;;?
Fiches_MvtA2;InnoDB;libelle;9;50;;utf8_unicode_ci;;?
Fiches_MvtA2;InnoDB;pourcent;9;5;;utf8_unicode_ci;;?
Fiches_MvtA2;InnoDB;montantd;7;0;;;;?
Fiches_MvtA2;InnoDB;montantc;7;0;;;;?
Fiches_MvtA2;InnoDB;jour;9;2;;utf8_unicode_ci;;?
Fiches_MvtA2;InnoDB;poste;9;3;;utf8_unicode_ci;;?
Fiches_MvtA2;InnoDB;validee;1;0;;;;?
Fiches_MvtA2;InnoDB;lind;-1;0;;;*;?
Fiches_MvtA3;InnoDB;numero;4;0;;;;?
Fiches_MvtA3;InnoDB;compte;9;8;;utf8_unicode_ci;;?
Fiches_MvtA3;InnoDB;intitule;9;40;;utf8_unicode_ci;;?
Fiches_MvtA3;InnoDB;dte;8;0;;;;?
Fiches_MvtA3;InnoDB;numdoc;9;10;;utf8_unicode_ci;;?
Fiches_MvtA3;InnoDB;libelle;9;50;;utf8_unicode_ci;;?
Fiches_MvtA3;InnoDB;pourcent;9;5;;utf8_unicode_ci;;?
Fiches_MvtA3;InnoDB;montantd;7;0;;;;?
Fiches_MvtA3;InnoDB;montantc;7;0;;;;?
Fiches_MvtA3;InnoDB;jour;9;2;;utf8_unicode_ci;;?
Fiches_MvtA3;InnoDB;poste;9;3;;utf8_unicode_ci;;?
Fiches_MvtA3;InnoDB;validee;1;0;;;;?
Fiches_MvtA3;InnoDB;lind;-1;0;;;*;?
Fiches_MvtA4;InnoDB;numero;4;0;;;;?
Fiches_MvtA4;InnoDB;compte;9;8;;utf8_unicode_ci;;?
Fiches_MvtA4;InnoDB;intitule;9;40;;utf8_unicode_ci;;?
Fiches_MvtA4;InnoDB;dte;8;0;;;;?
Fiches_MvtA4;InnoDB;numdoc;9;10;;utf8_unicode_ci;;?
Fiches_MvtA4;InnoDB;libelle;9;50;;utf8_unicode_ci;;?
Fiches_MvtA4;InnoDB;pourcent;9;5;;utf8_unicode_ci;;?
Fiches_MvtA4;InnoDB;montantd;7;0;;;;?
Fiches_MvtA4;InnoDB;montantc;7;0;;;;?
Fiches_MvtA4;InnoDB;jour;9;2;;utf8_unicode_ci;;?
Fiches_MvtA4;InnoDB;poste;9;3;;utf8_unicode_ci;;?
Fiches_MvtA4;InnoDB;validee;1;0;;;;?
Fiches_MvtA4;InnoDB;lind;-1;0;;;*;?
Fiches_MvtA5;InnoDB;numero;4;0;;;;?
Fiches_MvtA5;InnoDB;compte;9;8;;utf8_unicode_ci;;?
Fiches_MvtA5;InnoDB;intitule;9;40;;utf8_unicode_ci;;?
Fiches_MvtA5;InnoDB;dte;8;0;;;;?
Fiches_MvtA5;InnoDB;numdoc;9;10;;utf8_unicode_ci;;?
Fiches_MvtA5;InnoDB;libelle;9;50;;utf8_unicode_ci;;?
Fiches_MvtA5;InnoDB;pourcent;9;5;;utf8_unicode_ci;;?
Fiches_MvtA5;InnoDB;montantd;7;0;;;;?
Fiches_MvtA5;InnoDB;montantc;7;0;;;;?
Fiches_MvtA5;InnoDB;jour;9;2;;utf8_unicode_ci;;?
Fiches_MvtA5;InnoDB;poste;9;3;;utf8_unicode_ci;;?
Fiches_MvtA5;InnoDB;validee;1;0;;;;?
Fiches_MvtA5;InnoDB;lind;-1;0;;;*;?
Fiches_MvtM;InnoDB;jour;9;2;;utf8_unicode_ci;;?
Fiches_MvtM;InnoDB;numero;4;0;;;;?
Fiches_MvtM;InnoDB;numerodef;4;0;;;;?
Fiches_MvtM;InnoDB;compte;9;8;;utf8_unicode_ci;;?
Fiches_MvtM;InnoDB;collectif;4;0;;;;?
Fiches_MvtM;InnoDB;intitule;9;40;;utf8_unicode_ci;;?
Fiches_MvtM;InnoDB;dte;8;0;;;;?
Fiches_MvtM;InnoDB;datee;8;0;;;;?
Fiches_MvtM;InnoDB;dateech;8;0;;;;?
Fiches_MvtM;InnoDB;numcol;9;3;;utf8_unicode_ci;;?
Fiches_MvtM;InnoDB;numdoc;9;10;;utf8_unicode_ci;;?
Fiches_MvtM;InnoDB;numlot;9;10;;utf8_unicode_ci;;?
Fiches_MvtM;InnoDB;libelle;9;50;;utf8_unicode_ci;;?
Fiches_MvtM;InnoDB;montantd;7;0;;;;?
Fiches_MvtM;InnoDB;montantc;7;0;;;;?
Fiches_MvtM;InnoDB;validee;1;0;;;;?
Fiches_MvtM;InnoDB;provisoire;1;0;;;;?
Fiches_MvtM;InnoDB;tresorerie;1;0;;;;?
Fiches_MvtM;InnoDB;pointee;1;0;;;;?
Fiches_MvtM;InnoDB;nrlv;4;0;;;;?
Fiches_MvtM;InnoDB;lettree;1;0;;;;?
Fiches_MvtM;InnoDB;cloturee;1;0;;;;?
Fiches_MvtM;InnoDB;dteval;8;0;;;;?
Fiches_MvtM;InnoDB;relance;4;0;;;;?
Fiches_MvtM;InnoDB;export;9;1;;utf8_unicode_ci;;?
Fiches_MvtM;InnoDB;control;9;40;;utf8_unicode_ci;;?
Fiches_MvtM;InnoDB;lind2;4;0;;;;?
Fiches_MvtM;InnoDB;lind;-1;0;;;*;?
Fiches_MvtM;InnoDB;datem;8;0;;;;?
Fiches_MvtM;InnoDB;supprimee;1;0;;;;?
Fiches_MvtM1;InnoDB;jour;9;2;;utf8_unicode_ci;;?
Fiches_MvtM1;InnoDB;numero;4;0;;;;?
Fiches_MvtM1;InnoDB;numerodef;4;0;;;;?
Fiches_MvtM1;InnoDB;compte;9;8;;utf8_unicode_ci;;?
Fiches_MvtM1;InnoDB;collectif;4;0;;;;?
Fiches_MvtM1;InnoDB;intitule;9;40;;utf8_unicode_ci;;?
Fiches_MvtM1;InnoDB;dte;8;0;;;;?
Fiches_MvtM1;InnoDB;datee;8;0;;;;?
Fiches_MvtM1;InnoDB;dateech;8;0;;;;?
Fiches_MvtM1;InnoDB;numcol;9;3;;utf8_unicode_ci;;?
Fiches_MvtM1;InnoDB;numdoc;9;10;;utf8_unicode_ci;;?
Fiches_MvtM1;InnoDB;numlot;9;10;;utf8_unicode_ci;;?
Fiches_MvtM1;InnoDB;libelle;9;50;;utf8_unicode_ci;;?
Fiches_MvtM1;InnoDB;montantd;7;0;;;;?
Fiches_MvtM1;InnoDB;montantc;7;0;;;;?
Fiches_MvtM1;InnoDB;validee;1;0;;;;?
Fiches_MvtM1;InnoDB;provisoire;1;0;;;;?
Fiches_MvtM1;InnoDB;tresorerie;1;0;;;;?
Fiches_MvtM1;InnoDB;pointee;1;0;;;;?
Fiches_MvtM1;InnoDB;nrlv;4;0;;;;?
Fiches_MvtM1;InnoDB;lettree;1;0;;;;?
Fiches_MvtM1;InnoDB;cloturee;1;0;;;;?
Fiches_MvtM1;InnoDB;dteval;8;0;;;;?
Fiches_MvtM1;InnoDB;relance;4;0;;;;?
Fiches_MvtM1;InnoDB;export;9;1;;utf8_unicode_ci;;?
Fiches_MvtM1;InnoDB;control;9;40;;utf8_unicode_ci;;?
Fiches_MvtM1;InnoDB;lind2;4;0;;;;?
Fiches_MvtM1;InnoDB;lind;-1;0;;;*;?
Fiches_MvtM1;InnoDB;datem;8;0;;;;?
Fiches_MvtM1;InnoDB;supprimee;1;0;;;;?
Fiches_MvtM2;InnoDB;jour;9;2;;utf8_unicode_ci;;?
Fiches_MvtM2;InnoDB;numero;4;0;;;;?
Fiches_MvtM2;InnoDB;numerodef;4;0;;;;?
Fiches_MvtM2;InnoDB;compte;9;8;;utf8_unicode_ci;;?
Fiches_MvtM2;InnoDB;collectif;4;0;;;;?
Fiches_MvtM2;InnoDB;intitule;9;40;;utf8_unicode_ci;;?
Fiches_MvtM2;InnoDB;dte;8;0;;;;?
Fiches_MvtM2;InnoDB;datee;8;0;;;;?
Fiches_MvtM2;InnoDB;dateech;8;0;;;;?
Fiches_MvtM2;InnoDB;numcol;9;3;;utf8_unicode_ci;;?
Fiches_MvtM2;InnoDB;numdoc;9;10;;utf8_unicode_ci;;?
Fiches_MvtM2;InnoDB;numlot;9;10;;utf8_unicode_ci;;?
Fiches_MvtM2;InnoDB;libelle;9;50;;utf8_unicode_ci;;?
Fiches_MvtM2;InnoDB;montantd;7;0;;;;?
Fiches_MvtM2;InnoDB;montantc;7;0;;;;?
Fiches_MvtM2;InnoDB;validee;1;0;;;;?
Fiches_MvtM2;InnoDB;provisoire;1;0;;;;?
Fiches_MvtM2;InnoDB;tresorerie;1;0;;;;?
Fiches_MvtM2;InnoDB;pointee;1;0;;;;?
Fiches_MvtM2;InnoDB;nrlv;4;0;;;;?
Fiches_MvtM2;InnoDB;lettree;1;0;;;;?
Fiches_MvtM2;InnoDB;cloturee;1;0;;;;?
Fiches_MvtM2;InnoDB;dteval;8;0;;;;?
Fiches_MvtM2;InnoDB;relance;4;0;;;;?
Fiches_MvtM2;InnoDB;export;9;1;;utf8_unicode_ci;;?
Fiches_MvtM2;InnoDB;control;9;40;;utf8_unicode_ci;;?
Fiches_MvtM2;InnoDB;lind2;4;0;;;;?
Fiches_MvtM2;InnoDB;lind;-1;0;;;*;?
Fiches_MvtM2;InnoDB;datem;8;0;;;;?
Fiches_MvtM2;InnoDB;supprimee;1;0;;;;?
Fiches_MvtM3;InnoDB;jour;9;2;;utf8_unicode_ci;;?
Fiches_MvtM3;InnoDB;numero;4;0;;;;?
Fiches_MvtM3;InnoDB;numerodef;4;0;;;;?
Fiches_MvtM3;InnoDB;compte;9;8;;utf8_unicode_ci;;?
Fiches_MvtM3;InnoDB;collectif;4;0;;;;?
Fiches_MvtM3;InnoDB;intitule;9;40;;utf8_unicode_ci;;?
Fiches_MvtM3;InnoDB;dte;8;0;;;;?
Fiches_MvtM3;InnoDB;datee;8;0;;;;?
Fiches_MvtM3;InnoDB;dateech;8;0;;;;?
Fiches_MvtM3;InnoDB;numcol;9;3;;utf8_unicode_ci;;?
Fiches_MvtM3;InnoDB;numdoc;9;10;;utf8_unicode_ci;;?
Fiches_MvtM3;InnoDB;numlot;9;10;;utf8_unicode_ci;;?
Fiches_MvtM3;InnoDB;libelle;9;50;;utf8_unicode_ci;;?
Fiches_MvtM3;InnoDB;montantd;7;0;;;;?
Fiches_MvtM3;InnoDB;montantc;7;0;;;;?
Fiches_MvtM3;InnoDB;validee;1;0;;;;?
Fiches_MvtM3;InnoDB;provisoire;1;0;;;;?
Fiches_MvtM3;InnoDB;tresorerie;1;0;;;;?
Fiches_MvtM3;InnoDB;pointee;1;0;;;;?
Fiches_MvtM3;InnoDB;nrlv;4;0;;;;?
Fiches_MvtM3;InnoDB;lettree;1;0;;;;?
Fiches_MvtM3;InnoDB;cloturee;1;0;;;;?
Fiches_MvtM3;InnoDB;dteval;8;0;;;;?
Fiches_MvtM3;InnoDB;relance;4;0;;;;?
Fiches_MvtM3;InnoDB;export;9;1;;utf8_unicode_ci;;?
Fiches_MvtM3;InnoDB;control;9;40;;utf8_unicode_ci;;?
Fiches_MvtM3;InnoDB;lind2;4;0;;;;?
Fiches_MvtM3;InnoDB;lind;-1;0;;;*;?
Fiches_MvtM3;InnoDB;datem;8;0;;;;?
Fiches_MvtM3;InnoDB;supprimee;1;0;;;;?
Fiches_MvtM4;InnoDB;jour;9;2;;utf8_unicode_ci;;?
Fiches_MvtM4;InnoDB;numero;4;0;;;;?
Fiches_MvtM4;InnoDB;numerodef;4;0;;;;?
Fiches_MvtM4;InnoDB;compte;9;8;;utf8_unicode_ci;;?
Fiches_MvtM4;InnoDB;collectif;4;0;;;;?
Fiches_MvtM4;InnoDB;intitule;9;40;;utf8_unicode_ci;;?
Fiches_MvtM4;InnoDB;dte;8;0;;;;?
Fiches_MvtM4;InnoDB;datee;8;0;;;;?
Fiches_MvtM4;InnoDB;dateech;8;0;;;;?
Fiches_MvtM4;InnoDB;numcol;9;3;;utf8_unicode_ci;;?
Fiches_MvtM4;InnoDB;numdoc;9;10;;utf8_unicode_ci;;?
Fiches_MvtM4;InnoDB;numlot;9;10;;utf8_unicode_ci;;?
Fiches_MvtM4;InnoDB;libelle;9;50;;utf8_unicode_ci;;?
Fiches_MvtM4;InnoDB;montantd;7;0;;;;?
Fiches_MvtM4;InnoDB;montantc;7;0;;;;?
Fiches_MvtM4;InnoDB;validee;1;0;;;;?
Fiches_MvtM4;InnoDB;provisoire;1;0;;;;?
Fiches_MvtM4;InnoDB;tresorerie;1;0;;;;?
Fiches_MvtM4;InnoDB;pointee;1;0;;;;?
Fiches_MvtM4;InnoDB;nrlv;4;0;;;;?
Fiches_MvtM4;InnoDB;lettree;1;0;;;;?
Fiches_MvtM4;InnoDB;cloturee;1;0;;;;?
Fiches_MvtM4;InnoDB;dteval;8;0;;;;?
Fiches_MvtM4;InnoDB;relance;4;0;;;;?
Fiches_MvtM4;InnoDB;export;9;1;;utf8_unicode_ci;;?
Fiches_MvtM4;InnoDB;control;9;40;;utf8_unicode_ci;;?
Fiches_MvtM4;InnoDB;lind2;4;0;;;;?
Fiches_MvtM4;InnoDB;lind;-1;0;;;*;?
Fiches_MvtM4;InnoDB;datem;8;0;;;;?
Fiches_MvtM4;InnoDB;supprimee;1;0;;;;?
Fiches_MvtM5;InnoDB;jour;9;2;;utf8_unicode_ci;;?
Fiches_MvtM5;InnoDB;numero;4;0;;;;?
Fiches_MvtM5;InnoDB;numerodef;4;0;;;;?
Fiches_MvtM5;InnoDB;compte;9;8;;utf8_unicode_ci;;?
Fiches_MvtM5;InnoDB;collectif;4;0;;;;?
Fiches_MvtM5;InnoDB;intitule;9;40;;utf8_unicode_ci;;?
Fiches_MvtM5;InnoDB;dte;8;0;;;;?
Fiches_MvtM5;InnoDB;datee;8;0;;;;?
Fiches_MvtM5;InnoDB;dateech;8;0;;;;?
Fiches_MvtM5;InnoDB;numcol;9;3;;utf8_unicode_ci;;?
Fiches_MvtM5;InnoDB;numdoc;9;10;;utf8_unicode_ci;;?
Fiches_MvtM5;InnoDB;numlot;9;10;;utf8_unicode_ci;;?
Fiches_MvtM5;InnoDB;libelle;9;50;;utf8_unicode_ci;;?
Fiches_MvtM5;InnoDB;montantd;7;0;;;;?
Fiches_MvtM5;InnoDB;montantc;7;0;;;;?
Fiches_MvtM5;InnoDB;validee;1;0;;;;?
Fiches_MvtM5;InnoDB;provisoire;1;0;;;;?
Fiches_MvtM5;InnoDB;tresorerie;1;0;;;;?
Fiches_MvtM5;InnoDB;pointee;1;0;;;;?
Fiches_MvtM5;InnoDB;nrlv;4;0;;;;?
Fiches_MvtM5;InnoDB;lettree;1;0;;;;?
Fiches_MvtM5;InnoDB;cloturee;1;0;;;;?
Fiches_MvtM5;InnoDB;dteval;8;0;;;;?
Fiches_MvtM5;InnoDB;relance;4;0;;;;?
Fiches_MvtM5;InnoDB;export;9;1;;utf8_unicode_ci;;?
Fiches_MvtM5;InnoDB;control;9;40;;utf8_unicode_ci;;?
Fiches_MvtM5;InnoDB;lind2;4;0;;;;?
Fiches_MvtM5;InnoDB;lind;-1;0;;;*;?
Fiches_MvtM5;InnoDB;datem;8;0;;;;?
Fiches_MvtM5;InnoDB;supprimee;1;0;;;;?
Fiches_Mvtexp;InnoDB;mind;-1;0;;;*;?
Fiches_Mvtexp;InnoDB;code;9;15;;utf8_unicode_ci;;?
Fiches_Mvtexp;InnoDB;daterecpt;8;0;;;;?
Fiches_Mvtexp;InnoDB;qtep;9;10;;utf8_unicode_ci;;?
Fiches_Mvtexp;InnoDB;qtem;9;10;;utf8_unicode_ci;;?
Fiches_Mvtexp;InnoDB;com;9;35;;utf8_unicode_ci;;?
Fiches_Mvtexpdc;InnoDB;id;-1;0;;;*;?
Fiches_Mvtexpdc;InnoDB;mind;4;0;;;;?
Fiches_Mvtexpdc;InnoDB;code;9;15;;utf8_unicode_ci;;?
Fiches_Mvtexpdc;InnoDB;daterecpt;8;0;;;;?
Fiches_Mvtexpdc;InnoDB;qtep;9;10;;utf8_unicode_ci;;?
Fiches_Mvtexpdc;InnoDB;qtem;9;10;;utf8_unicode_ci;;?
Fiches_Mvtexpdc;InnoDB;com;9;35;;utf8_unicode_ci;;?
Fiches_Mvtexpdc;InnoDB;type;9;1;;utf8_unicode_ci;;?
Fiches_Numabon;InnoDB;numero;4;0;;;*;?
Fiches_Numabon;InnoDB;intitule;9;30;;utf8_unicode_ci;;?
Fiches_Numabon;InnoDB;type;9;1;;utf8_unicode_ci;;?
Fiches_Numabon;InnoDB;typem;9;1;;utf8_unicode_ci;;?
Fiches_Parametres;InnoDB;ind;4;0;0;;*;?
Fiches_Parametres;InnoDB;dteclec;8;0;;;;?
Fiches_Parametres;InnoDB;dteclec1;8;0;;;;?
Fiches_Parametres;InnoDB;dteclec2;8;0;;;;?
Fiches_Parametres;InnoDB;dteclec3;8;0;;;;?
Fiches_Parametres;InnoDB;dteclec4;8;0;;;;?
Fiches_Parametres;InnoDB;dteclec5;8;0;;;;?
Fiches_Parametres;InnoDB;dtepp;9;7;;utf8_unicode_ci;;?
Fiches_Parametres;InnoDB;dtepec;9;7;;utf8_unicode_ci;;?
Fiches_Parametres;InnoDB;dtepc;8;0;;;;?
Fiches_Parametres;InnoDB;dtetdec;8;0;;;;?
Fiches_Parametres;InnoDB;dtefedec;8;0;;;;?
Fiches_Parametres;InnoDB;cptrplus;9;8;;utf8_unicode_ci;;?
Fiches_Parametres;InnoDB;cptrmoins;9;8;;utf8_unicode_ci;;?
Fiches_Parametres;InnoDB;jdr;9;2;;utf8_unicode_ci;;?
Fiches_Parametres;InnoDB;cptrsplus;9;8;;utf8_unicode_ci;;?
Fiches_Parametres;InnoDB;cptrsmoins;9;8;;utf8_unicode_ci;;?
Fiches_Parametres;InnoDB;numecriture;4;0;;;;?
Fiches_Parametres;InnoDB;dnc;4;0;;;;?
Fiches_Parametres;InnoDB;dnbon;9;8;;utf8_unicode_ci;;?
Fiches_Parametres;InnoDB;dnfac;9;6;;utf8_unicode_ci;;?
Fiches_Parametres;InnoDB;dndevis;9;8;;utf8_unicode_ci;;?
Fiches_Parametres;InnoDB;jrnal;9;2;;utf8_unicode_ci;;?
Fiches_Parametres;InnoDB;son;4;0;0;;;?
Fiches_Parametres;InnoDB;dnf;4;0;;;;?
Fiches_Parametres;InnoDB;numecriture1;4;0;;;;?
Fiches_Parametres;InnoDB;numecriture2;4;0;;;;?
Fiches_Parametres;InnoDB;numecriture3;4;0;;;;?
Fiches_Parametres;InnoDB;coretro;9;5;;utf8_unicode_ci;;?
Fiches_Parametres;InnoDB;dncom;9;5;;utf8_unicode_ci;;?
Fiches_Parametres;InnoDB;devise;9;8;;utf8_unicode_ci;;?
Fiches_Parametres;InnoDB;jrnal2;9;2;;utf8_unicode_ci;;?
Fiches_Parametres;InnoDB;jrnal3;9;2;;utf8_unicode_ci;;?
Fiches_Parametres;InnoDB;viremc;9;8;;utf8_unicode_ci;;?
Fiches_Parametres;InnoDB;viremchq;9;8;;utf8_unicode_ci;;?
Fiches_Parametres;InnoDB;virema;9;8;;utf8_unicode_ci;;?
Fiches_Parametres;InnoDB;jrnal4;9;2;;utf8_unicode_ci;;?
Fiches_Parametres;InnoDB;dteinv;8;0;;;;?
Fiches_Parametres;InnoDB;jrnal5;9;2;;utf8_unicode_ci;;?
Fiches_Parametres;InnoDB;dnbr;9;8;;utf8_unicode_ci;;?
Fiches_Parametres;InnoDB;nfac;1;0;;;;?
Fiches_Parametres;InnoDB;version;9;5;;utf8_unicode_ci;;?
Fiches_Parametres;InnoDB;version_pos;9;5;;utf8_unicode_ci;;?
Fiches_Parametres;InnoDB;conf;-2;0;;;;?
Fiches_Parametres;InnoDB;frais;7;0;;;;?
Fiches_Parametres;InnoDB;cptfrais;9;8;;utf8_unicode_ci;;?
Fiches_Parametres;InnoDB;tvafrais;9;2;;utf8_unicode_ci;;?
Fiches_Parametres;InnoDB;dntk;9;7;;utf8_unicode_ci;;?
Fiches_Parametres;InnoDB;cutk;9;7;;utf8_unicode_ci;;?
Fiches_Postes;InnoDB;lind;-1;0;;;*;?
Fiches_Postes;InnoDB;code;9;3;;utf8_unicode_ci;;?
Fiches_Postes;InnoDB;intitulep;9;35;;utf8_unicode_ci;;?
Fiches_PrdComp;InnoDB;codep;9;15;;utf8_unicode_ci;*;?
Fiches_PrdComp;InnoDB;codec;9;50;;utf8_unicode_ci;*;?
Fiches_PrdComp;InnoDB;libelle;9;50;;utf8_unicode_ci;;?
Fiches_PrdComp;InnoDB;qte;9;50;;utf8_unicode_ci;;?
Fiches_PrdComp;InnoDB;mo;1;0;;;;?
Fiches_Promo;InnoDB;code;9;15;;utf8_unicode_ci;*;?
Fiches_Promo;InnoDB;libelle;9;50;;utf8_unicode_ci;;?
Fiches_Promo;InnoDB;datedeb;8;0;;;;?
Fiches_Promo;InnoDB;datefin;8;0;;;;?
Fiches_Rappro;InnoDB;cpt;9;8;;utf8_unicode_ci;*;?
Fiches_Rappro;InnoDB;nreleve;4;0;0;;*;?
Fiches_Rappro;InnoDB;date_releve;8;0;;;;?
Fiches_Rappro;InnoDB;date_rappro;8;0;;;;?
Fiches_Rappro;InnoDB;solde;7;0;;;;?
Fiches_RemCliFam;InnoDB;codec;9;8;;utf8_unicode_ci;*;?
Fiches_RemCliFam;InnoDB;codef;9;20;;utf8_unicode_ci;*;?
Fiches_RemCliFam;InnoDB;remise;7;0;;;;?
Fiches_RemTypec;InnoDB;lind;-1;0;;;*;?
Fiches_RemTypec;InnoDB;coder;9;2;;utf8_unicode_ci;;?
Fiches_RemTypec;InnoDB;codef;9;20;;utf8_unicode_ci;;?
Fiches_RemTypec;InnoDB;remise;7;0;;;;?
Fiches_Rpl1;InnoDB;codep;9;15;;utf8_unicode_ci;*;?
Fiches_Rpl1;InnoDB;coderpl1;9;15;;utf8_unicode_ci;*;?
Fiches_Rpl2;InnoDB;codep;9;15;;utf8_unicode_ci;*;?
Fiches_Rpl2;InnoDB;coderpl2;9;15;;utf8_unicode_ci;*;?
Fiches_RubCompt;InnoDB;numrub;9;8;;utf8_unicode_ci;*;?
Fiches_RubCompt;InnoDB;compte1;9;8;;utf8_unicode_ci;*;?
Fiches_RubCompt;InnoDB;compte2;9;8;;utf8_unicode_ci;;?
Fiches_RubCompt;InnoDB;amortissement;1;0;;;;?
Fiches_Rubriques;InnoDB;numrub;9;8;;utf8_unicode_ci;*;?
Fiches_Rubriques;InnoDB;intitule;9;70;;utf8_unicode_ci;;?
Fiches_Rubriques;InnoDB;type;9;2;;utf8_unicode_ci;;?
Fiches_Rubriques;InnoDB;detail;9;2;;utf8_unicode_ci;;?
Fiches_Rubriques;InnoDB;num;9;2;;utf8_unicode_ci;;?
Fiches_Sdepots;InnoDB;Mind;-1;0;;;*;?
Fiches_Sdepots;InnoDB;code;9;2;;utf8_unicode_ci;;?
Fiches_Sdepots;InnoDB;cart;9;15;;utf8_unicode_ci;;?
Fiches_Sdepots;InnoDB;date;8;0;;;;?
Fiches_Sdepots;InnoDB;type;9;1;;utf8_unicode_ci;;?
Fiches_Sdepots;InnoDB;qte;9;10;;utf8_unicode_ci;;?
Fiches_Sdepots;InnoDB;com;9;50;;utf8_unicode_ci;;?
Fiches_Sms;InnoDB;numcom;9;2;;utf8_unicode_ci;*;?
Fiches_Sms;InnoDB;intitule;9;0;;utf8_unicode_ci;;?
Fiches_Societes;InnoDB;cd_sc;9;2;;utf8_unicode_ci;*;?
Fiches_Societes;InnoDB;type_sc;9;9;;utf8_unicode_ci;;?
Fiches_Societes;InnoDB;int_sc;9;35;;utf8_unicode_ci;;?
Fiches_Societes;InnoDB;adr1_sc;9;35;;utf8_unicode_ci;;?
Fiches_Societes;InnoDB;adr2_sc;9;35;;utf8_unicode_ci;;?
Fiches_Societes;InnoDB;cp_sc;9;5;;utf8_unicode_ci;;?
Fiches_Societes;InnoDB;burdis_sc;9;35;;utf8_unicode_ci;;?
Fiches_Societes;InnoDB;email_sc;9;50;;utf8_unicode_ci;;?
Fiches_Societes;InnoDB;rcs_sc;9;12;;utf8_unicode_ci;;?
Fiches_Societes;InnoDB;villerc_sc;9;15;;utf8_unicode_ci;;?
Fiches_Societes;InnoDB;siret_sc;9;15;;utf8_unicode_ci;;?
Fiches_Societes;InnoDB;tvaintra_sc;9;15;;utf8_unicode_ci;;?
Fiches_Societes;InnoDB;cap_sc;9;15;;utf8_unicode_ci;;?
Fiches_Societes;InnoDB;ape_sc;9;5;;utf8_unicode_ci;;?
Fiches_Societes;InnoDB;tel_sc;9;16;;utf8_unicode_ci;;?
Fiches_Societes;InnoDB;fax_sc;9;16;;utf8_unicode_ci;;?
Fiches_Societes;InnoDB;site;9;40;;utf8_unicode_ci;;?
Fiches_Societes;InnoDB;port_sc;9;16;;utf8_unicode_ci;;?
Fiches_Societes;InnoDB;banq;9;30;;utf8_unicode_ci;;?
Fiches_Societes;InnoDB;bic;9;11;;utf8_unicode_ci;;?
Fiches_Societes;InnoDB;libre;9;35;;utf8_unicode_ci;;?
Fiches_SousComptes;InnoDB;code;9;8;;utf8_unicode_ci;;?
Fiches_SousComptes;InnoDB;code_vtl;9;8;;utf8_unicode_ci;*;?
Fiches_SousComptes;InnoDB;intitule_vtl;9;40;;utf8_unicode_ci;;?
Fiches_Statut;InnoDB;code;9;2;;utf8_unicode_ci;*;?
Fiches_Statut;InnoDB;libelle;9;25;;utf8_unicode_ci;;?
Fiches_StkDepots;InnoDB;coded;9;8;;utf8_unicode_ci;*;?
Fiches_StkDepots;InnoDB;codea;9;15;;utf8_unicode_ci;*;?
Fiches_StkDepots;InnoDB;qte;7;0;;;;?
Fiches_Suivis;InnoDB;lind;-1;0;;;*;?
Fiches_Suivis;InnoDB;code;9;8;;utf8_unicode_ci;;?
Fiches_Suivis;InnoDB;nom;9;70;;utf8_unicode_ci;;?
Fiches_Suivis;InnoDB;numdev;9;12;;utf8_unicode_ci;;?
Fiches_Suivis;InnoDB;datedev;8;0;;;;?
Fiches_Suivis;InnoDB;numfac;9;12;;utf8_unicode_ci;;?
Fiches_Suivis;InnoDB;datefac;8;0;;;;?
Fiches_Suivis;InnoDB;qte;7;0;;;;?
Fiches_Suivis;InnoDB;pu;7;0;;;;?
Fiches_Suivis;InnoDB;total;7;0;;;;?
Fiches_Suivis;InnoDB;margemo;7;0;;;;?
Fiches_Suivis;InnoDB;ach;7;0;;;;?
Fiches_Suivis;InnoDB;vtes;7;0;;;;?
Fiches_Suivis;InnoDB;qte2;7;0;;;;?
Fiches_Suivis;InnoDB;pu2;7;0;;;;?
Fiches_Suivis;InnoDB;total2;7;0;;;;?
Fiches_Suivis;InnoDB;margemo2;7;0;;;;?
Fiches_Suivis;InnoDB;ach2;7;0;;;;?
Fiches_Suivis;InnoDB;vtes2;7;0;;;;?
Fiches_Taches;InnoDB;lind;-1;0;;;*;?
Fiches_Taches;InnoDB;numdoc;9;10;;utf8_unicode_ci;;?
Fiches_Taches;InnoDB;nom;9;8;;utf8_unicode_ci;;?
Fiches_Taches;InnoDB;poste;9;40;;utf8_unicode_ci;;?
Fiches_Taches;InnoDB;numcli;9;8;;utf8_unicode_ci;;?
Fiches_Taches;InnoDB;nomcli;9;40;;utf8_unicode_ci;;?
Fiches_Taches;InnoDB;texte;9;100;;utf8_unicode_ci;;?
Fiches_TarFour;InnoDB;codea;9;8;;utf8_unicode_ci;*;?
Fiches_TarFour;InnoDB;codef;9;15;;utf8_unicode_ci;*;?
Fiches_TarFour;InnoDB;paht;7;0;;;;?
Fiches_TarTypcli;InnoDB;lind;-1;0;;;*;?
Fiches_TarTypcli;InnoDB;type;9;10;;utf8_unicode_ci;;?
Fiches_TarTypcli;InnoDB;cart;9;15;;utf8_unicode_ci;;?
Fiches_TarTypcli;InnoDB;coef;7;0;;;;?
Fiches_Tarcli;InnoDB;lind;-1;0;;;*;?
Fiches_Tarcli;InnoDB;ccli;9;10;;utf8_unicode_ci;;?
Fiches_Tarcli;InnoDB;cart;9;15;;utf8_unicode_ci;;?
Fiches_Tarcli;InnoDB;coef;7;0;;;;?
Fiches_Tleg;InnoDB;lind;-1;0;;;*;?
Fiches_Tleg;InnoDB;intitule;9;0;;utf8_unicode_ci;;?
Fiches_Touches;InnoDB;touche;9;6;;utf8_unicode_ci;*;?
Fiches_Touches;InnoDB;libelle;9;30;;utf8_unicode_ci;;?
Fiches_Touches;InnoDB;code;9;15;;utf8_unicode_ci;;?
Fiches_Touches;InnoDB;tva;7;0;;;;?
Fiches_Touches;InnoDB;coul;4;0;;;;?
Fiches_Touches;InnoDB;fond;9;100;;utf8_unicode_ci;;?
Fiches_Touches;InnoDB;touche_s;1;0;;;;?
Fiches_Touches;InnoDB;cai;9;2;;utf8_unicode_ci;*;?
Fiches_Traites;InnoDB;lind;-1;0;;;*;?
Fiches_Traites;InnoDB;code;9;8;;utf8_unicode_ci;;?
Fiches_Traites;InnoDB;montant;9;12;;utf8_unicode_ci;;?
Fiches_Traites;InnoDB;date;8;0;;;;?
Fiches_Traites;InnoDB;datech;8;0;;;;?
Fiches_Traites;InnoDB;numfac;9;12;;utf8_unicode_ci;;?
Fiches_Traites;InnoDB;imp;4;0;;;;?
Fiches_Traites;InnoDB;nom;9;35;;utf8_unicode_ci;;?
Fiches_Traites;InnoDB;acceptee;4;0;;;;?
Fiches_Traites;InnoDB;ecartee;4;0;;;;?
Fiches_Tvaac;InnoDB;code_tva;9;2;;utf8_unicode_ci;*;?
Fiches_Tvaac;InnoDB;taux_tva;9;5;;utf8_unicode_ci;;?
Fiches_Tvaac;InnoDB;cc_tva;9;8;;utf8_unicode_ci;;?
Fiches_Tvaav;InnoDB;code_tva;9;2;;utf8_unicode_ci;*;?
Fiches_Tvaav;InnoDB;taux_tva;9;5;;utf8_unicode_ci;;?
Fiches_Tvaav;InnoDB;cc_tva;9;8;;utf8_unicode_ci;;?
Fiches_TxtMail;InnoDB;lind;-1;0;;;*;?
Fiches_TxtMail;InnoDB;intitule;9;0;;utf8_unicode_ci;;?
Fiches_TxtMailC;InnoDB;lind;-1;0;;;*;?
Fiches_TxtMailC;InnoDB;intitule;9;0;;utf8_unicode_ci;;?
Fiches_Txt_Relances;InnoDB;niveau;4;0;0;;*;?
Fiches_Txt_Relances;InnoDB;libell1;9;0;;utf8_unicode_ci;;?
Fiches_Txt_Relances;InnoDB;libell2;9;0;;utf8_unicode_ci;;?
Fiches_Txtmo;InnoDB;code_txtmo;9;5;;utf8_unicode_ci;*;?
Fiches_Txtmo;InnoDB;tx_txtmo;9;10;;utf8_unicode_ci;;?
Fiches_Txtmo;InnoDB;libell_txtmo;9;25;;utf8_unicode_ci;;?
Fiches_Txtmo;InnoDB;compt_txtmo;9;8;;utf8_unicode_ci;;?
Fiches_Txtmo;InnoDB;prvt_txtmo;7;0;;;;?
Fiches_Typec;InnoDB;code;9;2;;utf8_unicode_ci;*;?
Fiches_Typec;InnoDB;libelle;9;25;;utf8_unicode_ci;;?
Fiches_Users;InnoDB;lind;-1;0;;;*;?
Fiches_Users;InnoDB;nom;9;20;;utf8_unicode_ci;;?
Fiches_Users;InnoDB;poste;9;35;;utf8_unicode_ci;;?
Fiches_Vendeurs;InnoDB;lind;-1;0;;;*;?
Fiches_Vendeurs;InnoDB;code;9;2;;utf8_unicode_ci;;?
Fiches_Vendeurs;InnoDB;nom;9;35;;utf8_unicode_ci;;?
Fiches_Vendeurs;InnoDB;mdp;9;15;;utf8_unicode_ci;;?
Fiches_Vendeurs;InnoDB;admin;4;0;;;;?
Fiches_relances;InnoDB;compte;9;8;;utf8_unicode_ci;*;?
Fiches_relances;InnoDB;rs;9;10;;utf8_unicode_ci;;?
Fiches_relances;InnoDB;intitule;9;35;;utf8_unicode_ci;;?
Fiches_relances;InnoDB;adr1;9;35;;utf8_unicode_ci;;?
Fiches_relances;InnoDB;adr2;9;35;;utf8_unicode_ci;;?
Fiches_relances;InnoDB;cp;9;10;;utf8_unicode_ci;;?
Fiches_relances;InnoDB;ville;9;35;;utf8_unicode_ci;;?
Fiches_relances;InnoDB;dte;9;10;;utf8_unicode_ci;;?
Fiches_relances;InnoDB;numdoc;9;10;;utf8_unicode_ci;*;?
Fiches_relances;InnoDB;numlot;9;10;;utf8_unicode_ci;;?
Fiches_relances;InnoDB;libelle;9;35;;utf8_unicode_ci;;?
Fiches_relances;InnoDB;montantd;7;0;;;;?
Fiches_relances;InnoDB;montantc;7;0;;;;?
Fiches_relances;InnoDB;numero;9;8;;utf8_unicode_ci;;?
Fiches_relances;InnoDB;journal;9;2;;utf8_unicode_ci;;?
Fiches_relances;InnoDB;niveau;4;0;;;;?
Fiches_tourne;InnoDB;code;9;15;;utf8_unicode_ci;*;?
Fiches_tourne;InnoDB;tourne;9;50;;utf8_unicode_ci;;?
Mails_Cli;InnoDB;code;9;8;;utf8_unicode_ci;*;?
Mails_Cli;InnoDB;mail;9;150;;utf8_unicode_ci;*;?
Mails_Four;InnoDB;code;9;8;;utf8_unicode_ci;*;?
Mails_Four;InnoDB;mail;9;150;;utf8_unicode_ci;*;?
